video,game_id,event_id
https://videos.nba.com/nba/pbp/media/2021/10/20/0022100010/22/57c793b7-38d3-e875-72fd-060099becec6_1280x720.mp4,0022100010,22
https://videos.nba.com/nba/pbp/media/2021/10/20/0022100010/40/8293ece8-4aef-494f-36f5-26430d0d9eef_1280x720.mp4,0022100010,40
https://videos.nba.com/nba/pbp/media/2021/10/20/0022100010/259/71aabc0e-ba6a-3613-24ee-52906f0b98cc_1280x720.mp4,0022100010,259
https://videos.nba.com/nba/pbp/media/2021/10/20/0022100010/364/4cc98723-9213-7b53-4bfa-3698d266897d_1280x720.mp4,0022100010,364
https://videos.nba.com/nba/pbp/media/2021/10/20/0022100010/450/723853fb-1e42-15ba-2ded-29ac58342b0b_1280x720.mp4,0022100010,450
https://videos.nba.com/nba/pbp/media/2021/10/20/0022100010/567/01361287-a712-a89b-6a12-59a5ef6385ec_1280x720.mp4,0022100010,567
https://videos.nba.com/nba/pbp/media/2021/10/20/0022100010/628/a2794166-d11e-0bb9-9784-9d190471e244_1280x720.mp4,0022100010,628
https://videos.nba.com/nba/pbp/media/2021/10/20/0022100010/675/4724de91-e5b6-350f-0982-e118669b8c34_1280x720.mp4,0022100010,675
https://videos.nba.com/nba/pbp/media/2021/10/20/0022100010/700/99009964-330e-c9ef-8e7e-03d27efdbd99_1280x720.mp4,0022100010,700
https://videos.nba.com/nba/pbp/media/2021/10/22/0022100018/62/ca07400f-6f41-e543-0022-5e1e625c084c_1280x720.mp4,0022100018,62
https://videos.nba.com/nba/pbp/media/2021/10/22/0022100018/8/221030a2-e817-0318-6e90-7831e3559043_1280x720.mp4,0022100018,8
https://videos.nba.com/nba/pbp/media/2021/10/22/0022100018/37/d9069cc1-66f8-8821-25f3-aebb7d3eded0_1280x720.mp4,0022100018,37
https://videos.nba.com/nba/pbp/media/2021/10/22/0022100018/83/cafb914f-c7ec-e015-9f24-4170bf021bfb_1280x720.mp4,0022100018,83
https://videos.nba.com/nba/pbp/media/2021/10/22/0022100018/206/9f364640-3d5f-d65c-220d-7d68feb80a01_1280x720.mp4,0022100018,206
https://videos.nba.com/nba/pbp/media/2021/10/22/0022100018/271/eea1d12c-406d-947d-e815-a1c0a9076eac_1280x720.mp4,0022100018,271
https://videos.nba.com/nba/pbp/media/2021/10/22/0022100018/278/fe803dcf-b3da-8829-e0a9-26217dced1dc_1280x720.mp4,0022100018,278
https://videos.nba.com/nba/pbp/media/2021/10/22/0022100018/292/5630719b-0409-cc21-b1ae-2d4e62873cba_1280x720.mp4,0022100018,292
https://videos.nba.com/nba/pbp/media/2021/10/22/0022100018/379/dfa8cde7-8d7f-7bac-2ef1-3ab83ed3572b_1280x720.mp4,0022100018,379
https://videos.nba.com/nba/pbp/media/2021/10/22/0022100018/409/19a31f14-42b5-d396-e388-46c2e1770c8e_1280x720.mp4,0022100018,409
https://videos.nba.com/nba/pbp/media/2021/10/22/0022100018/457/131d9947-d0d2-84f5-03e1-2d80bdc2606c_1280x720.mp4,0022100018,457
https://videos.nba.com/nba/pbp/media/2021/10/22/0022100018/654/c039c90a-973d-d893-ab2e-71a209fd2e8b_1280x720.mp4,0022100018,654
https://videos.nba.com/nba/pbp/media/2021/10/24/0022100036/74/fac7d3ba-336f-8751-3afa-f614e5f7dfba_1280x720.mp4,0022100036,74
https://videos.nba.com/nba/pbp/media/2021/10/24/0022100036/83/11bc78b5-a32d-f3b0-0356-2caa619e3782_1280x720.mp4,0022100036,83
https://videos.nba.com/nba/pbp/media/2021/10/24/0022100036/87/72ee4095-5e25-5c14-d87c-0239cadefa60_1280x720.mp4,0022100036,87
https://videos.nba.com/nba/pbp/media/2021/10/24/0022100036/255/dbdb6666-a660-f899-9b8e-028e67b7ba21_1280x720.mp4,0022100036,255
https://videos.nba.com/nba/pbp/media/2021/10/24/0022100036/288/4bb7bcf4-84fc-d97b-d929-d0836dc9674a_1280x720.mp4,0022100036,288
https://videos.nba.com/nba/pbp/media/2021/10/24/0022100036/296/60e04ff0-2282-70b3-ef6c-cae2de0757e4_1280x720.mp4,0022100036,296
https://videos.nba.com/nba/pbp/media/2021/10/24/0022100036/345/3dadb127-4169-0958-b80a-13fb6453ae1d_1280x720.mp4,0022100036,345
https://videos.nba.com/nba/pbp/media/2021/10/24/0022100036/481/cb3291f0-8f39-8fea-d0d2-8fae98b47396_1280x720.mp4,0022100036,481
https://videos.nba.com/nba/pbp/media/2021/10/24/0022100036/489/29905f00-3cef-c6b9-892e-b99a875d9886_1280x720.mp4,0022100036,489
https://videos.nba.com/nba/pbp/media/2021/10/24/0022100036/575/9bad1913-a7f8-e831-3ee0-4d0951004e81_1280x720.mp4,0022100036,575
https://videos.nba.com/nba/pbp/media/2021/10/24/0022100036/633/da3ed499-311a-3597-fd44-ba208e0c54bf_1280x720.mp4,0022100036,633
https://videos.nba.com/nba/pbp/media/2021/10/25/0022100045/23/1d5b5ca3-5fb0-3e30-3077-0b5b730cf1c8_1280x720.mp4,0022100045,23
https://videos.nba.com/nba/pbp/media/2021/10/25/0022100045/32/5b6792db-95fc-2070-ebd5-78f52405d8c4_1280x720.mp4,0022100045,32
https://videos.nba.com/nba/pbp/media/2021/10/25/0022100045/178/5cd8babd-d630-36d1-8316-61ac94aff30f_1280x720.mp4,0022100045,178
https://videos.nba.com/nba/pbp/media/2021/10/25/0022100045/185/308f2a10-0332-3d4e-f965-47e615bd9c3b_1280x720.mp4,0022100045,185
https://videos.nba.com/nba/pbp/media/2021/10/25/0022100045/212/0449e5ae-cd8c-a037-9dfd-a2864e41b1c1_1280x720.mp4,0022100045,212
https://videos.nba.com/nba/pbp/media/2021/10/25/0022100045/237/51bafd49-df9a-d015-13bd-04a8f9468c3c_1280x720.mp4,0022100045,237
https://videos.nba.com/nba/pbp/media/2021/10/25/0022100045/240/4751b748-299c-2e6d-a7a6-00c0204dd99e_1280x720.mp4,0022100045,240
https://videos.nba.com/nba/pbp/media/2021/10/25/0022100045/250/79430d90-4edf-d230-fce5-7125ce4c3de9_1280x720.mp4,0022100045,250
https://videos.nba.com/nba/pbp/media/2021/10/25/0022100045/263/a679c420-41b4-dbf1-b97b-3117ff5ff9a5_1280x720.mp4,0022100045,263
https://videos.nba.com/nba/pbp/media/2021/10/25/0022100045/287/b97f559b-aa73-9b37-640a-ffdeb87eaff6_1280x720.mp4,0022100045,287
https://videos.nba.com/nba/pbp/media/2021/10/25/0022100045/332/1d509d5e-73df-1a31-b6d2-504f06bdf760_1280x720.mp4,0022100045,332
https://videos.nba.com/nba/pbp/media/2021/10/25/0022100045/362/9ff26758-14af-47d5-e8aa-b9de5ab568f7_1280x720.mp4,0022100045,362
https://videos.nba.com/nba/pbp/media/2021/10/25/0022100045/567/c4be93e5-dc6a-9d5d-6c1e-e027f7709e78_1280x720.mp4,0022100045,567
https://videos.nba.com/nba/pbp/media/2021/10/27/0022100055/53/267ef048-7087-b83d-1fbc-a28329f48f12_1280x720.mp4,0022100055,53
https://videos.nba.com/nba/pbp/media/2021/10/27/0022100055/63/9d7c9cfd-627e-d44b-1322-bab26e01caf5_1280x720.mp4,0022100055,63
https://videos.nba.com/nba/pbp/media/2021/10/27/0022100055/229/190928fc-1fb6-b906-4b3d-ead7dc720f7a_1280x720.mp4,0022100055,229
https://videos.nba.com/nba/pbp/media/2021/10/27/0022100055/245/b0820d74-0d71-a27b-41cb-2918a2730ebf_1280x720.mp4,0022100055,245
https://videos.nba.com/nba/pbp/media/2021/10/27/0022100055/328/18e0f17a-6fa0-1f2a-5fae-0a1701165659_1280x720.mp4,0022100055,328
https://videos.nba.com/nba/pbp/media/2021/10/27/0022100055/564/30731642-e8b3-f957-556f-429900ca172f_1280x720.mp4,0022100055,564
https://videos.nba.com/nba/pbp/media/2021/10/27/0022100055/576/bd5f40e9-211b-eac3-8f04-3a7bb7fd49e2_1280x720.mp4,0022100055,576
https://videos.nba.com/nba/pbp/media/2021/10/29/0022100071/10/6db2a236-3c66-5cdd-7f3b-468068919360_1280x720.mp4,0022100071,10
https://videos.nba.com/nba/pbp/media/2021/10/29/0022100071/14/0cf030bb-a763-893d-4c13-f2d2988c45eb_1280x720.mp4,0022100071,14
https://videos.nba.com/nba/pbp/media/2021/10/29/0022100071/41/9cec4c09-a4f7-91a3-5344-f46a62647498_1280x720.mp4,0022100071,41
https://videos.nba.com/nba/pbp/media/2021/10/29/0022100071/287/8e787f99-22d3-eccb-f57d-5f8e00e9e7de_1280x720.mp4,0022100071,287
https://videos.nba.com/nba/pbp/media/2021/10/29/0022100071/321/64f545ce-a422-08b7-8b02-d0d7737e86a0_1280x720.mp4,0022100071,321
https://videos.nba.com/nba/pbp/media/2021/10/29/0022100071/330/1eb4c2e6-0efc-4e32-f356-b2d98daf1528_1280x720.mp4,0022100071,330
https://videos.nba.com/nba/pbp/media/2021/10/29/0022100071/360/fa94b45f-cb0a-11bd-ec04-d7faaec37e60_1280x720.mp4,0022100071,360
https://videos.nba.com/nba/pbp/media/2021/10/29/0022100071/377/7318ab22-6a0b-1601-38c1-0cdbb65220ef_1280x720.mp4,0022100071,377
https://videos.nba.com/nba/pbp/media/2021/10/29/0022100071/379/926ef4c6-3a16-140f-1580-62dd47d2a7e0_1280x720.mp4,0022100071,379
https://videos.nba.com/nba/pbp/media/2021/10/29/0022100071/541/d68ea875-08da-82f9-a1e7-1d102c0b19f3_1280x720.mp4,0022100071,541
https://videos.nba.com/nba/pbp/media/2021/10/29/0022100071/549/cbe46ec5-c52d-ba76-18f6-c99c57ca396f_1280x720.mp4,0022100071,549
https://videos.nba.com/nba/pbp/media/2021/10/29/0022100071/634/f8faa526-326a-b69f-c42e-2552922361ea_1280x720.mp4,0022100071,634
https://videos.nba.com/nba/pbp/media/2021/10/30/0022100079/27/8b4465f7-7185-60e7-1f56-26a5cea996d6_1280x720.mp4,0022100079,27
https://videos.nba.com/nba/pbp/media/2021/10/30/0022100079/109/52a934a6-73f6-f8c3-747c-20023126c027_1280x720.mp4,0022100079,109
https://videos.nba.com/nba/pbp/media/2021/10/30/0022100079/116/fabf2e6c-73ef-1339-633d-d124b6784b96_1280x720.mp4,0022100079,116
https://videos.nba.com/nba/pbp/media/2021/10/30/0022100079/127/4ad3326e-7cb1-a95d-f6f5-50814136149b_1280x720.mp4,0022100079,127
https://videos.nba.com/nba/pbp/media/2021/10/30/0022100079/146/d50090cf-dacb-f2d4-a0af-645ca1c50b27_1280x720.mp4,0022100079,146
https://videos.nba.com/nba/pbp/media/2021/10/30/0022100079/153/e5e6c82c-8ee5-d1f5-7050-d5beda901c00_1280x720.mp4,0022100079,153
https://videos.nba.com/nba/pbp/media/2021/10/30/0022100079/188/2c14a2cb-c39b-0551-4551-8b38eab8ecc5_1280x720.mp4,0022100079,188
https://videos.nba.com/nba/pbp/media/2021/10/30/0022100079/305/4fbb1358-d090-ae1b-8ddd-f0f4088420e7_1280x720.mp4,0022100079,305
https://videos.nba.com/nba/pbp/media/2021/10/30/0022100079/342/7c5faab0-0016-5901-c0cb-98f6edc50d40_1280x720.mp4,0022100079,342
https://videos.nba.com/nba/pbp/media/2021/10/30/0022100079/383/ed60c86e-50f0-8b0a-3ab3-7a0364cd0e8b_1280x720.mp4,0022100079,383
https://videos.nba.com/nba/pbp/media/2021/10/30/0022100079/391/6b17a9b7-0bc2-9d8f-2b62-e6698bed37e3_1280x720.mp4,0022100079,391
https://videos.nba.com/nba/pbp/media/2021/10/30/0022100079/424/d47a7055-c3bd-34aa-1ac1-86f5151ab729_1280x720.mp4,0022100079,424
https://videos.nba.com/nba/pbp/media/2021/10/30/0022100079/436/33591810-4f04-3a47-4b60-7d3e846afa30_1280x720.mp4,0022100079,436
https://videos.nba.com/nba/pbp/media/2021/10/30/0022100079/565/b49e82d7-52cb-9b67-b844-2c7224d99264_1280x720.mp4,0022100079,565
https://videos.nba.com/nba/pbp/media/2021/10/30/0022100079/591/3a3ea27b-5f9c-92c2-6b5d-e2a2a5574af9_1280x720.mp4,0022100079,591
https://videos.nba.com/nba/pbp/media/2021/11/01/0022100101/23/3fba28ee-26d7-70eb-eb81-375cc6619c7a_1280x720.mp4,0022100101,23
https://videos.nba.com/nba/pbp/media/2021/11/01/0022100101/36/9ad3f554-40b2-50ea-297d-4c29da844998_1280x720.mp4,0022100101,36
https://videos.nba.com/nba/pbp/media/2021/11/01/0022100101/51/66322b0e-e127-7f32-063c-1f06c9c17808_1280x720.mp4,0022100101,51
https://videos.nba.com/nba/pbp/media/2021/11/01/0022100101/86/483a97b2-195a-ae3e-952b-7d43a59e4f3e_1280x720.mp4,0022100101,86
https://videos.nba.com/nba/pbp/media/2021/11/01/0022100101/276/cfae2453-b02b-b105-2746-bd0971265996_1280x720.mp4,0022100101,276
https://videos.nba.com/nba/pbp/media/2021/11/01/0022100101/327/d62e5683-9bea-d9c3-445d-b3c543f37162_1280x720.mp4,0022100101,327
https://videos.nba.com/nba/pbp/media/2021/11/01/0022100101/335/4bd2786b-cac6-bc67-f72a-484574227e6e_1280x720.mp4,0022100101,335
https://videos.nba.com/nba/pbp/media/2021/11/01/0022100101/392/5b37d5fa-c926-b2d8-cd1b-b8cc00c5f9a5_1280x720.mp4,0022100101,392
https://videos.nba.com/nba/pbp/media/2021/11/01/0022100101/406/acdba903-0782-d222-916d-8290636908b3_1280x720.mp4,0022100101,406
https://videos.nba.com/nba/pbp/media/2021/11/01/0022100101/442/842bf0b6-c8bc-e283-bb3d-04a66c608fef_1280x720.mp4,0022100101,442
https://videos.nba.com/nba/pbp/media/2021/11/01/0022100101/446/23e23298-3344-6723-a319-9170f218787d_1280x720.mp4,0022100101,446
https://videos.nba.com/nba/pbp/media/2021/11/01/0022100101/593/b8f872cd-dca4-39af-c8f2-524ccb8ea586_1280x720.mp4,0022100101,593
https://videos.nba.com/nba/pbp/media/2021/11/01/0022100101/604/16366c9d-3e86-2ac6-16ba-670c02a0942e_1280x720.mp4,0022100101,604
https://videos.nba.com/nba/pbp/media/2021/11/01/0022100101/606/b6ab7d55-b13d-87ed-ed6f-2de414dca13d_1280x720.mp4,0022100101,606
https://videos.nba.com/nba/pbp/media/2021/11/01/0022100101/617/0f1e7949-86fd-3ffe-c06a-10f03b1c6ede_1280x720.mp4,0022100101,617
https://videos.nba.com/nba/pbp/media/2021/11/01/0022100101/622/06ac4ed6-115d-366c-eb98-09acb1d4f26e_1280x720.mp4,0022100101,622
https://videos.nba.com/nba/pbp/media/2021/11/01/0022100101/626/ab68d8c9-6810-175e-f3ec-d5477257cbea_1280x720.mp4,0022100101,626
https://videos.nba.com/nba/pbp/media/2021/11/01/0022100101/638/8435dacd-3ffc-c3b4-8ea3-9e9640cb6579_1280x720.mp4,0022100101,638
https://videos.nba.com/nba/pbp/media/2021/11/03/0022100110/13/dd9f970b-912e-0218-4a1f-0f445755ec5e_1280x720.mp4,0022100110,13
https://videos.nba.com/nba/pbp/media/2021/11/03/0022100110/26/fffe2c49-86b0-7f85-dc37-f092f1c8b102_1280x720.mp4,0022100110,26
https://videos.nba.com/nba/pbp/media/2021/11/03/0022100110/75/a037ae24-517b-2428-1262-d87d7c3e34f7_1280x720.mp4,0022100110,75
https://videos.nba.com/nba/pbp/media/2021/11/03/0022100110/224/cf4d2563-96b2-fb78-9d30-a644add8d121_1280x720.mp4,0022100110,224
https://videos.nba.com/nba/pbp/media/2021/11/03/0022100110/253/28532afb-c817-0716-0324-fdca39e68a01_1280x720.mp4,0022100110,253
https://videos.nba.com/nba/pbp/media/2021/11/03/0022100110/362/1f31353b-f41e-9b2c-a0ca-376dec9d6b48_1280x720.mp4,0022100110,362
https://videos.nba.com/nba/pbp/media/2021/11/03/0022100110/375/73961646-468b-7f5b-9916-58524d4d2a34_1280x720.mp4,0022100110,375
https://videos.nba.com/nba/pbp/media/2021/11/03/0022100110/543/296359b6-022d-8e30-5304-a260f82fd5a0_1280x720.mp4,0022100110,543
https://videos.nba.com/nba/pbp/media/2021/11/03/0022100110/592/6b340187-9fd5-5258-77bb-316f262bc46d_1280x720.mp4,0022100110,592
https://videos.nba.com/nba/pbp/media/2021/11/03/0022100110/598/8c54ea44-afb1-adbc-4071-da9926bad272_1280x720.mp4,0022100110,598
https://videos.nba.com/nba/pbp/media/2021/11/05/0022100125/76/140f5bfc-4712-c201-eeb3-28bf28178a3a_1280x720.mp4,0022100125,76
https://videos.nba.com/nba/pbp/media/2021/11/05/0022100125/189/bfbe1d9f-c156-4a8f-ab32-8f4678dac7a5_1280x720.mp4,0022100125,189
https://videos.nba.com/nba/pbp/media/2021/11/05/0022100125/201/1f57f3d7-2865-eb52-a54b-daa964b96a9d_1280x720.mp4,0022100125,201
https://videos.nba.com/nba/pbp/media/2021/11/05/0022100125/250/182b0be0-7a87-87df-6298-c6ab9ab42b00_1280x720.mp4,0022100125,250
https://videos.nba.com/nba/pbp/media/2021/11/05/0022100125/258/1c0b3d28-0173-d5d5-d3b0-850689b3226a_1280x720.mp4,0022100125,258
https://videos.nba.com/nba/pbp/media/2021/11/05/0022100125/334/d769e160-a025-e3c4-298f-eed13a9f7eff_1280x720.mp4,0022100125,334
https://videos.nba.com/nba/pbp/media/2021/11/05/0022100125/355/a9e77b37-e490-24eb-f898-186f9c62dce5_1280x720.mp4,0022100125,355
https://videos.nba.com/nba/pbp/media/2021/11/05/0022100125/372/4aec5fdc-c19e-7889-4bc4-32e9b0cd2144_1280x720.mp4,0022100125,372
https://videos.nba.com/nba/pbp/media/2021/11/05/0022100125/572/3eedb078-97cc-34f6-8023-6074628f7988_1280x720.mp4,0022100125,572
https://videos.nba.com/nba/pbp/media/2021/11/05/0022100125/646/d7955032-5f41-031d-004c-c3d68f814d5f_1280x720.mp4,0022100125,646
https://videos.nba.com/nba/pbp/media/2021/11/05/0022100125/653/72457200-d201-af77-6cfe-8adad94fad41_1280x720.mp4,0022100125,653
https://videos.nba.com/nba/pbp/media/2021/11/07/0022100141/13/404140b2-1806-b27a-e0e1-c000abac4e93_1280x720.mp4,0022100141,13
https://videos.nba.com/nba/pbp/media/2021/11/07/0022100141/57/e17f86d3-a37b-49f4-9797-a63be76d0ca4_1280x720.mp4,0022100141,57
https://videos.nba.com/nba/pbp/media/2021/11/07/0022100141/61/c8c64908-c6a4-8d1e-7d76-b7d946ab3717_1280x720.mp4,0022100141,61
https://videos.nba.com/nba/pbp/media/2021/11/07/0022100141/170/bb6effd2-f62b-a8e0-68c8-c0f24ff0780f_1280x720.mp4,0022100141,170
https://videos.nba.com/nba/pbp/media/2021/11/07/0022100141/176/14289a01-9d87-4d06-1f0d-8740bf8f3a40_1280x720.mp4,0022100141,176
https://videos.nba.com/nba/pbp/media/2021/11/07/0022100141/194/d43b1739-d7d9-d210-4502-828d5e286ecf_1280x720.mp4,0022100141,194
https://videos.nba.com/nba/pbp/media/2021/11/07/0022100141/197/98fd483b-4c6f-4199-5d31-87e3b41011b6_1280x720.mp4,0022100141,197
https://videos.nba.com/nba/pbp/media/2021/11/07/0022100141/278/604160ba-4b56-3d7f-ed8e-2ce8ac6c1560_1280x720.mp4,0022100141,278
https://videos.nba.com/nba/pbp/media/2021/11/07/0022100141/357/5940e255-7868-793c-f755-2a450c060f64_1280x720.mp4,0022100141,357
https://videos.nba.com/nba/pbp/media/2021/11/07/0022100141/395/24808dad-0905-8f69-d253-aa2628b13aee_1280x720.mp4,0022100141,395
https://videos.nba.com/nba/pbp/media/2021/11/10/0022100159/61/98bf768d-5564-9ddb-895a-e14b979ff96c_1280x720.mp4,0022100159,61
https://videos.nba.com/nba/pbp/media/2021/11/10/0022100159/288/cab0962a-0c81-09bc-4d59-34949a4d0b93_1280x720.mp4,0022100159,288
https://videos.nba.com/nba/pbp/media/2021/11/10/0022100159/293/f82b64d3-a7ed-78a9-32d0-ae2f618fe8c1_1280x720.mp4,0022100159,293
https://videos.nba.com/nba/pbp/media/2021/11/10/0022100159/295/ee3c557d-4a15-b201-f967-5f0c18d2aee1_1280x720.mp4,0022100159,295
https://videos.nba.com/nba/pbp/media/2021/11/10/0022100159/312/7dc1df99-8bc0-2a53-9cb6-222464bf784b_1280x720.mp4,0022100159,312
https://videos.nba.com/nba/pbp/media/2021/11/10/0022100159/325/4f3a482a-797a-4e40-a0ed-ef1432d01c5f_1280x720.mp4,0022100159,325
https://videos.nba.com/nba/pbp/media/2021/11/10/0022100159/359/002f1942-a1cf-64b0-3d8c-2e352e814550_1280x720.mp4,0022100159,359
https://videos.nba.com/nba/pbp/media/2021/11/10/0022100159/425/23061949-cbc6-7ed2-99f0-ed72ca582d41_1280x720.mp4,0022100159,425
https://videos.nba.com/nba/pbp/media/2021/11/10/0022100159/570/866b0ae7-aee7-7a7a-041c-47523ebdf89f_1280x720.mp4,0022100159,570
https://videos.nba.com/nba/pbp/media/2021/11/10/0022100159/576/6ddbcde5-4712-0255-a089-cefafa3e686d_1280x720.mp4,0022100159,576
https://videos.nba.com/nba/pbp/media/2021/11/10/0022100159/631/ea31d1ad-8420-716b-18a9-dea896ab1582_1280x720.mp4,0022100159,631
https://videos.nba.com/nba/pbp/media/2021/11/13/0022100187/21/7cabf811-a73a-3790-fec0-397f0cf1eb9e_1280x720.mp4,0022100187,21
https://videos.nba.com/nba/pbp/media/2021/11/13/0022100187/48/9b1a5348-b195-dca6-1a02-b9e7908e9866_1280x720.mp4,0022100187,48
https://videos.nba.com/nba/pbp/media/2021/11/13/0022100187/70/b14226fa-85c4-9b0a-8315-dfa332771bee_1280x720.mp4,0022100187,70
https://videos.nba.com/nba/pbp/media/2021/11/13/0022100187/184/6d75fcf6-3f84-b263-eed9-67e3378eee20_1280x720.mp4,0022100187,184
https://videos.nba.com/nba/pbp/media/2021/11/13/0022100187/361/2bd5e71a-2186-8b17-89cc-970d8d91c0e2_1280x720.mp4,0022100187,361
https://videos.nba.com/nba/pbp/media/2021/11/13/0022100187/375/7220afa4-76ea-d600-cdc1-d7adc1f2628c_1280x720.mp4,0022100187,375
https://videos.nba.com/nba/pbp/media/2021/11/13/0022100187/379/e5f77e64-28f1-4afe-2fb8-2f3b6c209898_1280x720.mp4,0022100187,379
https://videos.nba.com/nba/pbp/media/2021/11/13/0022100187/381/3fa645c8-2d12-176d-ea76-ef40a89911d2_1280x720.mp4,0022100187,381
https://videos.nba.com/nba/pbp/media/2021/11/13/0022100187/520/80f74385-a6f3-6135-610b-c9fb843b04da_1280x720.mp4,0022100187,520
https://videos.nba.com/nba/pbp/media/2021/11/13/0022100187/562/fcc99533-21db-e3fb-de2b-39620bcccb43_1280x720.mp4,0022100187,562
https://videos.nba.com/nba/pbp/media/2021/11/13/0022100187/577/758c8fd7-6a2b-8e0a-eb10-44d0ac3225ae_1280x720.mp4,0022100187,577
https://videos.nba.com/nba/pbp/media/2021/11/15/0022100202/7/e521782d-c0e9-c518-0ec3-9d733ebf143f_1280x720.mp4,0022100202,7
https://videos.nba.com/nba/pbp/media/2021/11/15/0022100202/10/9bd5a207-c65f-141b-f015-d49ff26fb13c_1280x720.mp4,0022100202,10
https://videos.nba.com/nba/pbp/media/2021/11/15/0022100202/30/55651bb6-7baa-d018-9b15-b6c220e223b8_1280x720.mp4,0022100202,30
https://videos.nba.com/nba/pbp/media/2021/11/15/0022100202/53/d0a591ad-d4ca-8c94-2fba-b0123f460049_1280x720.mp4,0022100202,53
https://videos.nba.com/nba/pbp/media/2021/11/15/0022100202/127/cd6b65ce-d7a9-88d2-951e-16e698b53e7a_1280x720.mp4,0022100202,127
https://videos.nba.com/nba/pbp/media/2021/11/15/0022100202/207/efbf8e31-acee-0cf0-b789-f9d84f60aa5c_1280x720.mp4,0022100202,207
https://videos.nba.com/nba/pbp/media/2021/11/15/0022100202/240/44a50458-ca06-c619-7c48-19717fa4d79b_1280x720.mp4,0022100202,240
https://videos.nba.com/nba/pbp/media/2021/11/15/0022100202/254/07276e0a-d06b-28cb-9955-86456fb510cc_1280x720.mp4,0022100202,254
https://videos.nba.com/nba/pbp/media/2021/11/15/0022100202/402/5c1767fc-a503-33d7-88ca-0afa8d571b58_1280x720.mp4,0022100202,402
https://videos.nba.com/nba/pbp/media/2021/11/15/0022100202/538/6d92d92b-cf11-93c7-87be-99c28ea8842f_1280x720.mp4,0022100202,538
https://videos.nba.com/nba/pbp/media/2021/11/15/0022100202/543/60d852ee-2b69-6444-8680-80a814a14977_1280x720.mp4,0022100202,543
https://videos.nba.com/nba/pbp/media/2021/11/15/0022100202/560/1f6acce4-3eb3-7a37-fe78-43717681b9ea_1280x720.mp4,0022100202,560
https://videos.nba.com/nba/pbp/media/2021/11/15/0022100202/606/05f73eef-e09f-bdc1-f3f9-15445646e5f6_1280x720.mp4,0022100202,606
https://videos.nba.com/nba/pbp/media/2021/11/15/0022100202/630/2c3b4f40-7814-984a-87d6-64a9e78b6a6c_1280x720.mp4,0022100202,630
https://videos.nba.com/nba/pbp/media/2021/11/17/0022100218/26/d5e1d788-480e-102d-691f-ee593007fb66_1280x720.mp4,0022100218,26
https://videos.nba.com/nba/pbp/media/2021/11/17/0022100218/39/9c633652-31af-e87f-dfbf-2ba718d65230_1280x720.mp4,0022100218,39
https://videos.nba.com/nba/pbp/media/2021/11/17/0022100218/46/ecf0d5c0-caa4-a468-5a30-0adc3f7b2cc2_1280x720.mp4,0022100218,46
https://videos.nba.com/nba/pbp/media/2021/11/17/0022100218/208/37de4d3e-0be1-af6f-053e-f3cff7998d0d_1280x720.mp4,0022100218,208
https://videos.nba.com/nba/pbp/media/2021/11/17/0022100218/234/2575b3a8-c675-4020-cf0f-029d087a0c1e_1280x720.mp4,0022100218,234
https://videos.nba.com/nba/pbp/media/2021/11/17/0022100218/275/64ae7e34-0c83-1d20-ece0-d4eaa7e6c634_1280x720.mp4,0022100218,275
https://videos.nba.com/nba/pbp/media/2021/11/17/0022100218/286/d00e31d6-dae0-a992-763b-775648b61af1_1280x720.mp4,0022100218,286
https://videos.nba.com/nba/pbp/media/2021/11/17/0022100218/385/11399f53-9ae9-28bb-4988-a27ca79da48d_1280x720.mp4,0022100218,385
https://videos.nba.com/nba/pbp/media/2021/11/17/0022100218/550/603a1edc-b410-e382-4b9c-f56e42c83d88_1280x720.mp4,0022100218,550
https://videos.nba.com/nba/pbp/media/2021/11/17/0022100218/582/336abe84-eb2c-3623-7faa-79f6a83afc32_1280x720.mp4,0022100218,582
https://videos.nba.com/nba/pbp/media/2021/11/17/0022100218/627/9c0d198b-3804-b4d1-952b-d7b1ba7d0f96_1280x720.mp4,0022100218,627
https://videos.nba.com/nba/pbp/media/2021/11/19/0022100233/17/ecf9413e-3e71-e07c-63c4-9f3017f26e21_1280x720.mp4,0022100233,17
https://videos.nba.com/nba/pbp/media/2021/11/19/0022100233/189/f4e52842-550f-e014-8aaf-24c07a06f790_1280x720.mp4,0022100233,189
https://videos.nba.com/nba/pbp/media/2021/11/19/0022100233/217/547b58d5-b9bc-8e5c-8ca5-164ef30b5ffe_1280x720.mp4,0022100233,217
https://videos.nba.com/nba/pbp/media/2021/11/19/0022100233/221/a5f64f83-8494-3ef2-2015-1f6d01dc05af_1280x720.mp4,0022100233,221
https://videos.nba.com/nba/pbp/media/2021/11/19/0022100233/225/339e504d-b3b3-362d-3cda-ce32f0f34b04_1280x720.mp4,0022100233,225
https://videos.nba.com/nba/pbp/media/2021/11/19/0022100233/385/d0794760-eded-c196-6f06-1ac20c35f1c9_1280x720.mp4,0022100233,385
https://videos.nba.com/nba/pbp/media/2021/11/19/0022100233/402/08176216-b302-8603-d8e7-4b4c65fb3b06_1280x720.mp4,0022100233,402
https://videos.nba.com/nba/pbp/media/2021/11/19/0022100233/406/b155b18a-f7d3-70c0-3ee0-13af7cf8b147_1280x720.mp4,0022100233,406
https://videos.nba.com/nba/pbp/media/2021/11/19/0022100233/416/a13e82a7-f7e0-6cea-a674-8c1d30740edf_1280x720.mp4,0022100233,416
https://videos.nba.com/nba/pbp/media/2021/11/19/0022100233/437/18c3e772-be50-ca8e-2f61-a8f38560f51b_1280x720.mp4,0022100233,437
https://videos.nba.com/nba/pbp/media/2021/11/19/0022100233/590/941d0de8-47ed-f31b-ef0e-efc01815715e_1280x720.mp4,0022100233,590
https://videos.nba.com/nba/pbp/media/2021/11/19/0022100233/609/492b65a1-856c-f25b-28c2-63909e0692ee_1280x720.mp4,0022100233,609
https://videos.nba.com/nba/pbp/media/2021/11/19/0022100233/639/70cf0cc7-58f5-0f73-363e-17a25feff363_1280x720.mp4,0022100233,639
https://videos.nba.com/nba/pbp/media/2021/11/20/0022100244/7/279792f4-977c-7447-3332-5ff6c6b633fe_1280x720.mp4,0022100244,7
https://videos.nba.com/nba/pbp/media/2021/11/20/0022100244/30/22c07823-40db-e920-0816-edadd864bcad_1280x720.mp4,0022100244,30
https://videos.nba.com/nba/pbp/media/2021/11/20/0022100244/38/352d154c-db62-22d0-849a-90e4e056e3eb_1280x720.mp4,0022100244,38
https://videos.nba.com/nba/pbp/media/2021/11/20/0022100244/144/064a179c-2aeb-4b32-a81e-d0b10437929a_1280x720.mp4,0022100244,144
https://videos.nba.com/nba/pbp/media/2021/11/22/0022100258/67/467fbe14-18d1-ded2-ae9d-93031f8bb176_1280x720.mp4,0022100258,67
https://videos.nba.com/nba/pbp/media/2021/11/22/0022100258/156/1fc7c134-fffc-cfcf-d7cd-1e24c9f845a7_1280x720.mp4,0022100258,156
https://videos.nba.com/nba/pbp/media/2021/11/22/0022100258/159/fefe17a7-6ea0-0e1f-2c9c-32ef94fca50a_1280x720.mp4,0022100258,159
https://videos.nba.com/nba/pbp/media/2021/11/22/0022100258/231/b4df1f71-73e7-9654-0ea8-3f05706a2872_1280x720.mp4,0022100258,231
https://videos.nba.com/nba/pbp/media/2021/11/22/0022100258/347/a8203245-1348-5a47-7155-5500ec13104e_1280x720.mp4,0022100258,347
https://videos.nba.com/nba/pbp/media/2021/11/22/0022100258/256/4538b6ee-cc69-23fb-6a0b-a60b1e2aedd1_1280x720.mp4,0022100258,256
https://videos.nba.com/nba/pbp/media/2021/11/22/0022100258/278/b991d3e1-79d1-3cfd-451f-9ab908014aaf_1280x720.mp4,0022100258,278
https://videos.nba.com/nba/pbp/media/2021/11/22/0022100258/389/9d1966b1-483d-7a44-4bd5-3da745ea89b7_1280x720.mp4,0022100258,389
https://videos.nba.com/nba/pbp/media/2021/11/22/0022100258/416/762e12d8-b149-aae6-105a-1a4a98cbe9ea_1280x720.mp4,0022100258,416
https://videos.nba.com/nba/pbp/media/2021/11/24/0022100269/14/696e7666-83a0-ce3a-6a55-19feb0265da4_1280x720.mp4,0022100269,14
https://videos.nba.com/nba/pbp/media/2021/11/24/0022100269/17/88690ace-c7bc-a467-808a-dd9b6ec272d1_1280x720.mp4,0022100269,17
https://videos.nba.com/nba/pbp/media/2021/11/24/0022100269/53/f6e05c8c-f08c-cb44-665d-6fc27f883b47_1280x720.mp4,0022100269,53
https://videos.nba.com/nba/pbp/media/2021/11/24/0022100269/61/82a0c8ed-3ca2-234d-fa7d-b15327f0ed8f_1280x720.mp4,0022100269,61
https://videos.nba.com/nba/pbp/media/2021/11/24/0022100269/67/1273ff18-8bff-7ec4-d563-9c32300a3274_1280x720.mp4,0022100269,67
https://videos.nba.com/nba/pbp/media/2021/11/24/0022100269/302/cf4922d1-0028-ad4e-321c-527bbd23d894_1280x720.mp4,0022100269,302
https://videos.nba.com/nba/pbp/media/2021/11/24/0022100269/314/5b303a8b-5a2c-d591-807c-91c13b0d58a7_1280x720.mp4,0022100269,314
https://videos.nba.com/nba/pbp/media/2021/11/24/0022100269/363/10397c15-eedd-8dd8-edea-8deebaa1d265_1280x720.mp4,0022100269,363
https://videos.nba.com/nba/pbp/media/2021/11/24/0022100269/371/e05fc7df-1b17-9091-b58d-45d2d6d10e88_1280x720.mp4,0022100269,371
https://videos.nba.com/nba/pbp/media/2021/11/24/0022100269/437/f4461672-45a2-2a3e-5581-b15c9917912f_1280x720.mp4,0022100269,437
https://videos.nba.com/nba/pbp/media/2021/11/24/0022100269/599/3fa2219d-ddb5-0431-1c78-2bcfd2fa88e9_1280x720.mp4,0022100269,599
https://videos.nba.com/nba/pbp/media/2021/11/24/0022100269/667/6d8db4ef-703f-1be0-b4b5-07e10bcfd14a_1280x720.mp4,0022100269,667
https://videos.nba.com/nba/pbp/media/2021/11/26/0022100283/7/b83e3711-0725-3f70-b22c-862f272bca40_1280x720.mp4,0022100283,7
https://videos.nba.com/nba/pbp/media/2021/11/26/0022100283/24/47bd78d7-7048-bdfa-d309-a04263b22af4_1280x720.mp4,0022100283,24
https://videos.nba.com/nba/pbp/media/2021/11/26/0022100283/39/36fa0577-fb5a-6aab-b9a3-a5671bf2139e_1280x720.mp4,0022100283,39
https://videos.nba.com/nba/pbp/media/2021/11/26/0022100283/61/8cd09a0a-5d9e-b22a-0fda-41c39ee76b47_1280x720.mp4,0022100283,61
https://videos.nba.com/nba/pbp/media/2021/11/26/0022100283/77/6089f66f-89f1-5fb9-03a5-fe2b19e16308_1280x720.mp4,0022100283,77
https://videos.nba.com/nba/pbp/media/2021/11/26/0022100283/207/b0888cc6-f581-71c1-9b0f-e43429971194_1280x720.mp4,0022100283,207
https://videos.nba.com/nba/pbp/media/2021/11/26/0022100283/253/342d2758-914f-cf94-37e0-da43207d3104_1280x720.mp4,0022100283,253
https://videos.nba.com/nba/pbp/media/2021/11/26/0022100283/275/a5e69f7f-48c1-b571-3460-a79cee8b9917_1280x720.mp4,0022100283,275
https://videos.nba.com/nba/pbp/media/2021/11/26/0022100283/302/5552c4fd-c30c-49b9-d0f3-7deee10495c3_1280x720.mp4,0022100283,302
https://videos.nba.com/nba/pbp/media/2021/11/26/0022100283/349/d2a8a25e-2356-d8e2-1c0d-73af0fb87ace_1280x720.mp4,0022100283,349
https://videos.nba.com/nba/pbp/media/2021/11/26/0022100283/354/16aba566-1ff9-426f-9650-c0d557b5988c_1280x720.mp4,0022100283,354
https://videos.nba.com/nba/pbp/media/2021/11/26/0022100283/358/faafa030-0e6f-4e8e-2641-0d706ada3509_1280x720.mp4,0022100283,358
https://videos.nba.com/nba/pbp/media/2021/11/26/0022100283/382/9c331394-38c0-d2e7-3e75-fc73724853a7_1280x720.mp4,0022100283,382
https://videos.nba.com/nba/pbp/media/2021/11/26/0022100283/486/11293e92-92ac-0c1d-9744-ebf2f17c4a35_1280x720.mp4,0022100283,486
https://videos.nba.com/nba/pbp/media/2021/11/27/0022100295/9/ea5ed4ae-ab5b-a1b6-452b-2c12e752c7d7_1280x720.mp4,0022100295,9
https://videos.nba.com/nba/pbp/media/2021/11/27/0022100295/20/d7493346-ec63-07ea-7768-9ad0116f104d_1280x720.mp4,0022100295,20
https://videos.nba.com/nba/pbp/media/2021/11/27/0022100295/112/d415fbee-3fae-1ad6-dc6f-fdba0f9a6bb1_1280x720.mp4,0022100295,112
https://videos.nba.com/nba/pbp/media/2021/11/27/0022100295/205/2ad0d117-8d9a-17ce-e057-f08a01be4c6a_1280x720.mp4,0022100295,205
https://videos.nba.com/nba/pbp/media/2021/11/27/0022100295/284/2fc6b629-0fd8-da45-596d-d9d48e22c647_1280x720.mp4,0022100295,284
https://videos.nba.com/nba/pbp/media/2021/11/27/0022100295/305/b89e1e85-b283-56a8-2ee1-62aef50a5153_1280x720.mp4,0022100295,305
https://videos.nba.com/nba/pbp/media/2021/11/27/0022100295/316/74513a56-3ba7-0b6d-4da7-a9d0c3c68f96_1280x720.mp4,0022100295,316
https://videos.nba.com/nba/pbp/media/2021/11/27/0022100295/342/95ad4a0d-f462-d57f-87fd-f1f50f6e4642_1280x720.mp4,0022100295,342
https://videos.nba.com/nba/pbp/media/2021/11/27/0022100295/364/4df32169-b850-0f0c-2e77-ddc30f035ed0_1280x720.mp4,0022100295,364
https://videos.nba.com/nba/pbp/media/2021/11/27/0022100295/450/a904af2a-50c8-9378-2b0c-5197e4277b9c_1280x720.mp4,0022100295,450
https://videos.nba.com/nba/pbp/media/2021/11/27/0022100295/564/954c7463-0b36-bd03-5bf7-5792b653a231_1280x720.mp4,0022100295,564
https://videos.nba.com/nba/pbp/media/2021/11/27/0022100295/595/2fc5cfcd-f784-ee1b-c379-be27a0b55545_1280x720.mp4,0022100295,595
https://videos.nba.com/nba/pbp/media/2021/11/27/0022100295/599/96f76a1d-c8db-ab76-f65d-5ea49c71006f_1280x720.mp4,0022100295,599
https://videos.nba.com/nba/pbp/media/2021/11/29/0022100305/12/ae6804a0-63ae-d4df-3d0f-a28251feea99_1280x720.mp4,0022100305,12
https://videos.nba.com/nba/pbp/media/2021/11/29/0022100305/16/10e194a3-e979-5576-6d9f-bc5642a2151b_1280x720.mp4,0022100305,16
https://videos.nba.com/nba/pbp/media/2021/11/29/0022100305/23/b162efb4-4248-c75c-eb2f-cd733486bb2c_1280x720.mp4,0022100305,23
https://videos.nba.com/nba/pbp/media/2021/11/29/0022100305/66/fe706e44-ba93-5ac8-193c-3b76ade107cc_1280x720.mp4,0022100305,66
https://videos.nba.com/nba/pbp/media/2021/11/29/0022100305/131/0b37f29e-0506-f6c2-42e1-30356ebe021f_1280x720.mp4,0022100305,131
https://videos.nba.com/nba/pbp/media/2021/11/29/0022100305/222/3c2607a8-27c3-e7e8-0ada-45c59b947b16_1280x720.mp4,0022100305,222
https://videos.nba.com/nba/pbp/media/2021/11/29/0022100305/236/967a46cd-c2ac-cf26-981e-1b176962c95a_1280x720.mp4,0022100305,236
https://videos.nba.com/nba/pbp/media/2021/11/29/0022100305/260/cdea16b4-5763-d429-f277-e13d6ef4a433_1280x720.mp4,0022100305,260
https://videos.nba.com/nba/pbp/media/2021/11/29/0022100305/278/656ee372-9c43-740f-1c5b-3da4c489c7a0_1280x720.mp4,0022100305,278
https://videos.nba.com/nba/pbp/media/2021/11/29/0022100305/281/fa573630-d1b9-35fd-6936-7d2c413123c1_1280x720.mp4,0022100305,281
https://videos.nba.com/nba/pbp/media/2021/11/29/0022100305/302/7249f35c-4b1e-5856-4d46-f4ff96fb6626_1280x720.mp4,0022100305,302
https://videos.nba.com/nba/pbp/media/2021/11/29/0022100305/306/3565074b-b11f-dbcc-d667-b9eb77ef7e46_1280x720.mp4,0022100305,306
https://videos.nba.com/nba/pbp/media/2021/11/29/0022100305/322/de21208b-4adb-a352-59e6-8d3b3b62d169_1280x720.mp4,0022100305,322
https://videos.nba.com/nba/pbp/media/2021/11/29/0022100305/329/94497920-2f50-9ce1-cefb-767d53ea93a3_1280x720.mp4,0022100305,329
https://videos.nba.com/nba/pbp/media/2021/11/29/0022100305/355/f9bb7fa9-82c2-7bc4-7b6f-b54fc9211e42_1280x720.mp4,0022100305,355
https://videos.nba.com/nba/pbp/media/2021/11/29/0022100305/374/98c85c99-63ea-da99-53c1-f7f7710de903_1280x720.mp4,0022100305,374
https://videos.nba.com/nba/pbp/media/2021/11/29/0022100305/387/c16b3256-e836-2717-0907-80844bcde6e4_1280x720.mp4,0022100305,387
https://videos.nba.com/nba/pbp/media/2021/11/29/0022100305/545/957a7158-069a-de2d-000b-784efc1b5287_1280x720.mp4,0022100305,545
https://videos.nba.com/nba/pbp/media/2021/11/29/0022100305/563/b4d22bb3-ec83-f85e-5dfa-bf22a7f0005b_1280x720.mp4,0022100305,563
https://videos.nba.com/nba/pbp/media/2021/11/29/0022100305/573/87bee48a-99ae-33b2-fddc-54e4dcb94ccb_1280x720.mp4,0022100305,573
https://videos.nba.com/nba/pbp/media/2021/11/29/0022100305/583/ff639b7f-2cbf-835a-0a27-07a7956af91f_1280x720.mp4,0022100305,583
https://videos.nba.com/nba/pbp/media/2021/11/29/0022100305/600/d4db2ede-0eca-9b05-d315-4ad3e9946fca_1280x720.mp4,0022100305,600
https://videos.nba.com/nba/pbp/media/2021/11/29/0022100305/612/9fa54224-a4f9-3692-0fec-97f4a94a68fc_1280x720.mp4,0022100305,612
https://videos.nba.com/nba/pbp/media/2021/11/29/0022100305/650/b8908dee-a689-b257-d92d-e4ebffcf7827_1280x720.mp4,0022100305,650
https://videos.nba.com/nba/pbp/media/2021/12/01/0022100320/31/175246d0-54a9-a012-e201-ba28d01476f7_1280x720.mp4,0022100320,31
https://videos.nba.com/nba/pbp/media/2021/12/01/0022100320/42/01398c7d-ac33-d29f-ef97-827cc18ba2bd_1280x720.mp4,0022100320,42
https://videos.nba.com/nba/pbp/media/2021/12/01/0022100320/47/f6b75edf-2ac8-de67-9709-82ef592f630a_1280x720.mp4,0022100320,47
https://videos.nba.com/nba/pbp/media/2021/12/01/0022100320/242/0f894745-0751-3bbd-f91e-da3d2f2fc1ea_1280x720.mp4,0022100320,242
https://videos.nba.com/nba/pbp/media/2021/12/01/0022100320/337/4f064aaf-59e5-cb54-98c2-15384af7ee30_1280x720.mp4,0022100320,337
https://videos.nba.com/nba/pbp/media/2021/12/01/0022100320/373/5327c04d-a881-de31-9bfe-9f191e142e88_1280x720.mp4,0022100320,373
https://videos.nba.com/nba/pbp/media/2021/12/01/0022100320/429/92ceebee-f4d3-c8cd-e3ae-eb88c0ac10ee_1280x720.mp4,0022100320,429
https://videos.nba.com/nba/pbp/media/2021/12/01/0022100320/584/7982cca4-1454-a378-38d1-94fae6a8e4d7_1280x720.mp4,0022100320,584
https://videos.nba.com/nba/pbp/media/2021/12/01/0022100320/594/a6da2e9e-a95d-be7e-50d9-7fbbf1fb08d9_1280x720.mp4,0022100320,594
https://videos.nba.com/nba/pbp/media/2021/12/03/0022100337/65/9d1b6e85-424d-8df1-e544-947a52a314d8_1280x720.mp4,0022100337,65
https://videos.nba.com/nba/pbp/media/2021/12/03/0022100337/61/2dd744e7-a549-9546-62ac-3ea8859b093f_1280x720.mp4,0022100337,61
https://videos.nba.com/nba/pbp/media/2021/12/03/0022100337/161/d8e56961-6eda-2662-d06f-ae17d3184f97_1280x720.mp4,0022100337,161
https://videos.nba.com/nba/pbp/media/2021/12/03/0022100337/309/60d4a492-8ad4-b097-af00-f019b02072f7_1280x720.mp4,0022100337,309
https://videos.nba.com/nba/pbp/media/2021/12/03/0022100337/363/195714d1-9a6b-f65f-ee83-c13262b7e108_1280x720.mp4,0022100337,363
https://videos.nba.com/nba/pbp/media/2021/12/03/0022100337/376/9ad8aae5-7901-35e6-b0ec-58ef94080558_1280x720.mp4,0022100337,376
https://videos.nba.com/nba/pbp/media/2021/12/03/0022100337/379/1eb7c1e9-c2fb-55f3-4033-77e39b7ab970_1280x720.mp4,0022100337,379
https://videos.nba.com/nba/pbp/media/2021/12/03/0022100337/390/c1c97bc6-3138-177b-e89a-0ebc6015dac5_1280x720.mp4,0022100337,390
https://videos.nba.com/nba/pbp/media/2021/12/03/0022100337/407/6323a318-fa62-305a-082f-82353caef86c_1280x720.mp4,0022100337,407
https://videos.nba.com/nba/pbp/media/2021/12/03/0022100337/422/2ae1d5d5-1649-c3c8-7aee-b039b8e95aac_1280x720.mp4,0022100337,422
https://videos.nba.com/nba/pbp/media/2021/12/03/0022100337/450/5f5922af-14ea-9623-7dcb-ff87689ff784_1280x720.mp4,0022100337,450
https://videos.nba.com/nba/pbp/media/2021/12/03/0022100337/585/508ca5a9-15d1-88b4-b966-95ea429432b7_1280x720.mp4,0022100337,585
https://videos.nba.com/nba/pbp/media/2021/12/03/0022100337/594/5ee23510-ac7d-8381-fe0e-8de90980ff20_1280x720.mp4,0022100337,594
https://videos.nba.com/nba/pbp/media/2021/12/03/0022100337/609/90a28923-3038-a8e1-8fcf-fb4345c1b49b_1280x720.mp4,0022100337,609
https://videos.nba.com/nba/pbp/media/2021/12/06/0022100361/17/450f6a8a-8a6c-03e9-30b3-597ed70325d9_1280x720.mp4,0022100361,17
https://videos.nba.com/nba/pbp/media/2021/12/06/0022100361/40/2b362be4-d849-34d6-eda1-8e8cc1b6cb26_1280x720.mp4,0022100361,40
https://videos.nba.com/nba/pbp/media/2021/12/06/0022100361/56/221a4d93-ab95-969f-14cb-ad2e9fa3b335_1280x720.mp4,0022100361,56
https://videos.nba.com/nba/pbp/media/2021/12/06/0022100361/116/e73e7f2c-ed49-426f-3a5d-2e3b66f42efc_1280x720.mp4,0022100361,116
https://videos.nba.com/nba/pbp/media/2021/12/06/0022100361/159/8f621282-86fc-eec2-a510-770a1a9ba357_1280x720.mp4,0022100361,159
https://videos.nba.com/nba/pbp/media/2021/12/06/0022100361/188/22cc8f0b-6f4e-3d00-e10f-5cd636ceb50c_1280x720.mp4,0022100361,188
https://videos.nba.com/nba/pbp/media/2021/12/06/0022100361/228/39eae33b-3e9c-b40e-8246-f5099f72a207_1280x720.mp4,0022100361,228
https://videos.nba.com/nba/pbp/media/2021/12/06/0022100361/268/b2d00cc8-f99c-4282-2be2-a35cd813d7f1_1280x720.mp4,0022100361,268
https://videos.nba.com/nba/pbp/media/2021/12/06/0022100361/272/a4bf5ab0-eb53-b700-0b9c-f6dc58015ae5_1280x720.mp4,0022100361,272
https://videos.nba.com/nba/pbp/media/2021/12/06/0022100361/342/1c835cd0-1e17-a4e7-8569-f488cf2b98be_1280x720.mp4,0022100361,342
https://videos.nba.com/nba/pbp/media/2021/12/06/0022100361/347/e47e9372-0f81-0d04-5a76-60c05c798613_1280x720.mp4,0022100361,347
https://videos.nba.com/nba/pbp/media/2021/12/06/0022100361/386/110b92ea-95a5-b28a-9960-939d6eee999e_1280x720.mp4,0022100361,386
https://videos.nba.com/nba/pbp/media/2021/12/06/0022100361/405/6af3ecda-cdd4-a900-491e-411ac1ce548f_1280x720.mp4,0022100361,405
https://videos.nba.com/nba/pbp/media/2021/12/08/0022100377/51/07b82380-a758-dc86-c0c7-60d7bcf79d25_1280x720.mp4,0022100377,51
https://videos.nba.com/nba/pbp/media/2021/12/08/0022100377/167/dd25bd47-105d-c14c-5c5d-a2b58c557658_1280x720.mp4,0022100377,167
https://videos.nba.com/nba/pbp/media/2021/12/08/0022100377/177/67973cc6-077d-805c-3eb5-541e95098db9_1280x720.mp4,0022100377,177
https://videos.nba.com/nba/pbp/media/2021/12/08/0022100377/297/e13c9f6b-70cf-b87c-027a-0ab1d774497b_1280x720.mp4,0022100377,297
https://videos.nba.com/nba/pbp/media/2021/12/08/0022100377/301/b16dd154-106c-63b3-e876-2dd6db55ca3c_1280x720.mp4,0022100377,301
https://videos.nba.com/nba/pbp/media/2021/12/08/0022100377/373/ceafe0b2-3459-cab4-3f5f-9c8918815631_1280x720.mp4,0022100377,373
https://videos.nba.com/nba/pbp/media/2021/12/08/0022100377/568/50bee789-cab3-f24f-5be3-25de087598a5_1280x720.mp4,0022100377,568
https://videos.nba.com/nba/pbp/media/2021/12/08/0022100377/594/1c77ad93-3fa8-b01a-e514-4632fe3c4944_1280x720.mp4,0022100377,594
https://videos.nba.com/nba/pbp/media/2021/12/08/0022100377/622/c0d17b63-124f-ba6e-c5d2-dc05850c0569_1280x720.mp4,0022100377,622
https://videos.nba.com/nba/pbp/media/2021/12/08/0022100377/643/66189484-fff5-aac8-5cc8-5e01e8ba7e76_1280x720.mp4,0022100377,643
https://videos.nba.com/nba/pbp/media/2021/12/11/0022100391/28/2720b52f-80c6-8d72-f188-3ebcee6ea957_1280x720.mp4,0022100391,28
https://videos.nba.com/nba/pbp/media/2021/12/11/0022100391/30/2cae92c0-ce61-f3f8-c617-3c300a4f0aa5_1280x720.mp4,0022100391,30
https://videos.nba.com/nba/pbp/media/2021/12/11/0022100391/49/cfa4ec04-7d7a-a04a-7dd4-5320c19afd4c_1280x720.mp4,0022100391,49
https://videos.nba.com/nba/pbp/media/2021/12/11/0022100391/123/968417a3-a7b7-209f-8480-e93fe1a43b70_1280x720.mp4,0022100391,123
https://videos.nba.com/nba/pbp/media/2021/12/11/0022100391/285/3ee3d7f0-65c2-52d6-929d-a761dea68fe0_1280x720.mp4,0022100391,285
https://videos.nba.com/nba/pbp/media/2021/12/11/0022100391/306/54757c43-3e22-5a7a-8e67-f0b3ca72d755_1280x720.mp4,0022100391,306
https://videos.nba.com/nba/pbp/media/2021/12/11/0022100391/322/ea2eec4c-83f9-913f-bb8a-76763cb14656_1280x720.mp4,0022100391,322
https://videos.nba.com/nba/pbp/media/2021/12/11/0022100391/333/ba22912a-23c9-afde-0ec7-007fcf6333fd_1280x720.mp4,0022100391,333
https://videos.nba.com/nba/pbp/media/2021/12/11/0022100391/360/33dc408a-312f-ffda-2dbe-a178b76131fc_1280x720.mp4,0022100391,360
https://videos.nba.com/nba/pbp/media/2021/12/11/0022100391/512/9d361c1f-a312-daf1-3595-a2f6671eea11_1280x720.mp4,0022100391,512
https://videos.nba.com/nba/pbp/media/2021/12/12/0022100403/26/7e3db29c-264b-23cb-a830-f5ca9ebb17f2_1280x720.mp4,0022100403,26
https://videos.nba.com/nba/pbp/media/2021/12/12/0022100403/39/d55ba5b1-d7df-29d1-76ae-8fab9504d742_1280x720.mp4,0022100403,39
https://videos.nba.com/nba/pbp/media/2021/12/12/0022100403/45/1ff2c65e-ed0d-32e0-3cfc-31ed75c392d7_1280x720.mp4,0022100403,45
https://videos.nba.com/nba/pbp/media/2021/12/12/0022100403/115/19232f2a-0119-76b3-985e-8a784b02c25c_1280x720.mp4,0022100403,115
https://videos.nba.com/nba/pbp/media/2021/12/12/0022100403/170/9101c8fa-cbc4-8489-0f25-6151e4c903b1_1280x720.mp4,0022100403,170
https://videos.nba.com/nba/pbp/media/2021/12/12/0022100403/184/7542e750-79b8-32df-6d53-8675e9d52d32_1280x720.mp4,0022100403,184
https://videos.nba.com/nba/pbp/media/2021/12/12/0022100403/313/1684b342-4f79-6841-39ef-32869aa65b59_1280x720.mp4,0022100403,313
https://videos.nba.com/nba/pbp/media/2021/12/12/0022100403/316/edbe4d38-403b-4aa9-db63-d54bcbc93e37_1280x720.mp4,0022100403,316
https://videos.nba.com/nba/pbp/media/2021/12/12/0022100403/342/27ceff23-bd0e-633e-2020-e21c7dece5e6_1280x720.mp4,0022100403,342
https://videos.nba.com/nba/pbp/media/2021/12/12/0022100403/405/37934ea7-aeb5-032b-3d08-1eab76b92c24_1280x720.mp4,0022100403,405
https://videos.nba.com/nba/pbp/media/2021/12/12/0022100403/415/da9eb3e5-be96-4423-751d-8236465d0177_1280x720.mp4,0022100403,415
https://videos.nba.com/nba/pbp/media/2021/12/12/0022100403/417/f575bb20-2118-2c97-f26e-1a65fd6f8c6c_1280x720.mp4,0022100403,417
https://videos.nba.com/nba/pbp/media/2021/12/12/0022100403/466/50da0d08-93bb-9c27-fd75-5a98013921a6_1280x720.mp4,0022100403,466
https://videos.nba.com/nba/pbp/media/2021/12/12/0022100403/529/f910e591-9248-fc50-384c-2f8d0d17d06e_1280x720.mp4,0022100403,529
https://videos.nba.com/nba/pbp/media/2021/12/12/0022100403/547/c692ef95-01dc-d800-e926-b9c518e31cfe_1280x720.mp4,0022100403,547
https://videos.nba.com/nba/pbp/media/2021/12/12/0022100403/559/598b4e71-bb6b-f570-6067-87f230072bf2_1280x720.mp4,0022100403,559
https://videos.nba.com/nba/pbp/media/2021/12/12/0022100403/567/ec9eda77-d805-18fe-ddaa-069906fbc108_1280x720.mp4,0022100403,567
https://videos.nba.com/nba/pbp/media/2021/12/12/0022100403/612/0e099f1c-960a-5b53-aaf0-0a041bbf9c2c_1280x720.mp4,0022100403,612
https://videos.nba.com/nba/pbp/media/2021/12/15/0022100418/16/542c037a-90a1-a883-6d5f-a8fd74e23f4e_1280x720.mp4,0022100418,16
https://videos.nba.com/nba/pbp/media/2021/12/15/0022100418/33/2f188b3d-b115-96c5-474a-2932545521c0_1280x720.mp4,0022100418,33
https://videos.nba.com/nba/pbp/media/2021/12/15/0022100418/72/c6c3da7a-9253-e42f-ce13-320e37ea3b6d_1280x720.mp4,0022100418,72
https://videos.nba.com/nba/pbp/media/2021/12/15/0022100418/94/b4ac8b61-f0af-0457-23cf-f6025fc60584_1280x720.mp4,0022100418,94
https://videos.nba.com/nba/pbp/media/2021/12/15/0022100418/267/77e9da61-b49d-331e-1ed5-96cef6940f23_1280x720.mp4,0022100418,267
https://videos.nba.com/nba/pbp/media/2021/12/15/0022100418/269/89d95a0f-f36f-1163-0d68-5dd284f1a298_1280x720.mp4,0022100418,269
https://videos.nba.com/nba/pbp/media/2021/12/15/0022100418/303/36c8620f-1a5d-ed92-b72f-fe4e152313d1_1280x720.mp4,0022100418,303
https://videos.nba.com/nba/pbp/media/2021/12/15/0022100418/377/aa79405a-739e-1998-12fe-54415a7020a8_1280x720.mp4,0022100418,377
https://videos.nba.com/nba/pbp/media/2021/12/15/0022100418/412/731800e2-ea63-eb39-22f0-687f7b37d935_1280x720.mp4,0022100418,412
https://videos.nba.com/nba/pbp/media/2021/12/15/0022100418/493/4b6aaa3f-287b-1a58-4d5b-53ff6980f5b5_1280x720.mp4,0022100418,493
https://videos.nba.com/nba/pbp/media/2021/12/15/0022100418/542/36251258-33de-ec8f-067e-3e642f1f3667_1280x720.mp4,0022100418,542
https://videos.nba.com/nba/pbp/media/2021/12/15/0022100418/545/22643d65-2967-e944-001a-00f2ce60262d_1280x720.mp4,0022100418,545
https://videos.nba.com/nba/pbp/media/2021/12/15/0022100418/547/441d3540-190a-b87f-9f3a-69e4b19b4c26_1280x720.mp4,0022100418,547
https://videos.nba.com/nba/pbp/media/2021/12/15/0022100418/577/b5e3a5c7-4eae-31bf-3444-284c14e5d8ce_1280x720.mp4,0022100418,577
https://videos.nba.com/nba/pbp/media/2021/12/17/0022100433/25/cdcfd752-a714-3487-dc85-d20efab86818_1280x720.mp4,0022100433,25
https://videos.nba.com/nba/pbp/media/2021/12/17/0022100433/64/66292a4a-7211-450c-36df-ee646ecd823a_1280x720.mp4,0022100433,64
https://videos.nba.com/nba/pbp/media/2021/12/17/0022100433/70/1c022ad9-155c-6435-b768-10fa0027f482_1280x720.mp4,0022100433,70
https://videos.nba.com/nba/pbp/media/2021/12/17/0022100433/72/7bccc466-629f-d183-0323-8f01f45c27de_1280x720.mp4,0022100433,72
https://videos.nba.com/nba/pbp/media/2021/12/17/0022100433/87/4a87718f-9013-a807-8a6f-0b658255dd56_1280x720.mp4,0022100433,87
https://videos.nba.com/nba/pbp/media/2021/12/17/0022100433/91/77efaf0a-e0da-e102-6e66-85366e557f98_1280x720.mp4,0022100433,91
https://videos.nba.com/nba/pbp/media/2021/12/17/0022100433/240/9c2361bd-d97e-7882-d526-9514cc186235_1280x720.mp4,0022100433,240
https://videos.nba.com/nba/pbp/media/2021/12/17/0022100433/257/e9c3463d-988b-f8c5-a413-d0cba0a14804_1280x720.mp4,0022100433,257
https://videos.nba.com/nba/pbp/media/2021/12/17/0022100433/280/d77c8e41-cd43-7f9d-d1e8-0c51fd5fe6be_1280x720.mp4,0022100433,280
https://videos.nba.com/nba/pbp/media/2021/12/17/0022100433/302/b2b87bed-bbe6-9c53-3d59-7e8278c88b00_1280x720.mp4,0022100433,302
https://videos.nba.com/nba/pbp/media/2021/12/17/0022100433/361/b0c92db2-dcde-690e-6985-3d7752f3abb1_1280x720.mp4,0022100433,361
https://videos.nba.com/nba/pbp/media/2021/12/17/0022100433/365/1dda5556-0639-7e96-425f-14d9be4ce166_1280x720.mp4,0022100433,365
https://videos.nba.com/nba/pbp/media/2021/12/17/0022100433/372/fd55fa8a-1ccc-b0e2-5cc2-bade870daa91_1280x720.mp4,0022100433,372
https://videos.nba.com/nba/pbp/media/2021/12/17/0022100433/396/de0b50ba-e7c6-75e5-cff3-ed88f6b06fea_1280x720.mp4,0022100433,396
https://videos.nba.com/nba/pbp/media/2021/12/17/0022100433/496/405b0ab6-015a-8d40-8b22-fe3b7c20214e_1280x720.mp4,0022100433,496
https://videos.nba.com/nba/pbp/media/2021/12/17/0022100433/505/ca548c0a-22f9-e7bc-5909-21c05a55c91c_1280x720.mp4,0022100433,505
https://videos.nba.com/nba/pbp/media/2021/12/17/0022100433/508/d0efb234-b980-8a0d-8882-c5b2e39a37b4_1280x720.mp4,0022100433,508
https://videos.nba.com/nba/pbp/media/2021/12/17/0022100433/521/dd1148dd-dda6-410c-b113-bbf9ba97367b_1280x720.mp4,0022100433,521
https://videos.nba.com/nba/pbp/media/2021/12/17/0022100433/545/cae19b76-5207-ce11-197f-ed432befff98_1280x720.mp4,0022100433,545
https://videos.nba.com/nba/pbp/media/2021/12/17/0022100433/556/0388e14d-ef65-eeaa-0b93-3039cf02d200_1280x720.mp4,0022100433,556
https://videos.nba.com/nba/pbp/media/2021/12/17/0022100433/569/46fb4ab1-2126-c4dc-b4c0-25a53c4e8ea3_1280x720.mp4,0022100433,569
https://videos.nba.com/nba/pbp/media/2021/12/17/0022100433/574/38401a85-142f-9da1-a01b-16718f5bed41_1280x720.mp4,0022100433,574
https://videos.nba.com/nba/pbp/media/2021/12/17/0022100433/618/1344bf5a-5711-2cb7-8ddc-3a7c5bc2d816_1280x720.mp4,0022100433,618
https://videos.nba.com/nba/pbp/media/2021/12/18/0022100442/7/ca4f4a44-0d01-249a-81ec-1a525c59c5d9_1280x720.mp4,0022100442,7
https://videos.nba.com/nba/pbp/media/2021/12/18/0022100442/26/7c590d8a-ac21-767c-25f0-3e0b6bfcb0f7_1280x720.mp4,0022100442,26
https://videos.nba.com/nba/pbp/media/2021/12/18/0022100442/74/9d775f14-3715-a7a8-4e80-69e5cb74abfb_1280x720.mp4,0022100442,74
https://videos.nba.com/nba/pbp/media/2021/12/18/0022100442/117/e1c4e4ef-8424-bb78-b51d-ff956b6e4f96_1280x720.mp4,0022100442,117
https://videos.nba.com/nba/pbp/media/2021/12/18/0022100442/243/5a98a7e4-05b7-950a-54fa-64d1bae7bac3_1280x720.mp4,0022100442,243
https://videos.nba.com/nba/pbp/media/2021/12/18/0022100442/256/27fdcb9c-64ec-33e9-1f23-a09928fe07c2_1280x720.mp4,0022100442,256
https://videos.nba.com/nba/pbp/media/2021/12/18/0022100442/293/296f7bef-5b67-a24b-6987-39ddc470beca_1280x720.mp4,0022100442,293
https://videos.nba.com/nba/pbp/media/2021/12/18/0022100442/307/d976ff93-696e-efa5-7aa0-3aa22365acff_1280x720.mp4,0022100442,307
https://videos.nba.com/nba/pbp/media/2021/12/18/0022100442/361/df2f94b5-56ab-8a5a-c6e6-ca11ceb90658_1280x720.mp4,0022100442,361
https://videos.nba.com/nba/pbp/media/2021/12/18/0022100442/529/4b41069b-7b4d-ff30-f2f5-d797a1c2f2d7_1280x720.mp4,0022100442,529
https://videos.nba.com/nba/pbp/media/2021/12/18/0022100442/589/4e3f18f6-dbe9-775d-41d3-b8ed43cb5677_1280x720.mp4,0022100442,589
https://videos.nba.com/nba/pbp/media/2021/12/18/0022100442/593/7a0ec0bd-181b-a9e3-5e68-2246df8dfcf7_1280x720.mp4,0022100442,593
https://videos.nba.com/nba/pbp/media/2021/12/18/0022100442/606/042913f3-2489-5365-d26e-5439d9f2ff6b_1280x720.mp4,0022100442,606
https://videos.nba.com/nba/pbp/media/2021/12/18/0022100442/627/b799d84f-e359-cc0c-2136-8940fbb2478e_1280x720.mp4,0022100442,627
https://videos.nba.com/nba/pbp/media/2021/12/22/0022100470/18/4213ea6d-42b6-6215-7cf5-12e2a0d24640_1280x720.mp4,0022100470,18
https://videos.nba.com/nba/pbp/media/2021/12/22/0022100470/29/9d638bf2-dc30-9787-4244-c3def4c9bee5_1280x720.mp4,0022100470,29
https://videos.nba.com/nba/pbp/media/2021/12/22/0022100470/33/4901b672-f2fd-8592-3c79-f49340a3624b_1280x720.mp4,0022100470,33
https://videos.nba.com/nba/pbp/media/2021/12/22/0022100470/42/cf6300e9-1574-3752-07f3-b91eb8560a0d_1280x720.mp4,0022100470,42
https://videos.nba.com/nba/pbp/media/2021/12/22/0022100470/111/6bacfc6e-9674-cdec-4331-500d63f3386a_1280x720.mp4,0022100470,111
https://videos.nba.com/nba/pbp/media/2021/12/22/0022100470/250/e82e7c13-9e78-19d8-6c4c-8b5f61228195_1280x720.mp4,0022100470,250
https://videos.nba.com/nba/pbp/media/2021/12/22/0022100470/260/f061b526-baa2-2178-081d-8add73a05073_1280x720.mp4,0022100470,260
https://videos.nba.com/nba/pbp/media/2021/12/22/0022100470/273/7c555dfc-4e16-d5c8-8ad9-3f9f7daddb30_1280x720.mp4,0022100470,273
https://videos.nba.com/nba/pbp/media/2021/12/22/0022100470/281/41480d5e-e289-6039-8be3-b70bfe109ed0_1280x720.mp4,0022100470,281
https://videos.nba.com/nba/pbp/media/2021/12/22/0022100470/352/16922e20-d6ea-d9c8-2089-ca82fbf6c5d9_1280x720.mp4,0022100470,352
https://videos.nba.com/nba/pbp/media/2021/12/22/0022100470/363/2092db99-88eb-72ab-92db-9b3dcd1aea87_1280x720.mp4,0022100470,363
https://videos.nba.com/nba/pbp/media/2021/12/22/0022100470/387/4f433be1-5d7a-52e6-3d1f-9c878a1b561d_1280x720.mp4,0022100470,387
https://videos.nba.com/nba/pbp/media/2021/12/22/0022100470/394/69a290c9-3d3b-8b43-0269-2474f261c5ef_1280x720.mp4,0022100470,394
https://videos.nba.com/nba/pbp/media/2021/12/22/0022100470/435/d9317958-2e71-98f5-a1c0-f5f76f8427c5_1280x720.mp4,0022100470,435
https://videos.nba.com/nba/pbp/media/2021/12/22/0022100470/447/f2192f87-e3e6-c57d-6567-9503b198c19c_1280x720.mp4,0022100470,447
https://videos.nba.com/nba/pbp/media/2021/12/22/0022100470/452/9e065f54-12f4-a25d-2e4d-4ff64adeabf3_1280x720.mp4,0022100470,452
https://videos.nba.com/nba/pbp/media/2021/12/22/0022100470/455/8aff3636-fc63-e4e4-bf3a-2ab25ff35af1_1280x720.mp4,0022100470,455
https://videos.nba.com/nba/pbp/media/2021/12/22/0022100470/540/fd0e49bd-5da0-e752-c2b9-a21b3f66a98d_1280x720.mp4,0022100470,540
https://videos.nba.com/nba/pbp/media/2021/12/22/0022100470/547/29f51f79-7288-1908-2ea8-6ef6057b7f49_1280x720.mp4,0022100470,547
https://videos.nba.com/nba/pbp/media/2021/12/22/0022100470/570/ed37ae84-4f04-6595-be61-57234a94c892_1280x720.mp4,0022100470,570
https://videos.nba.com/nba/pbp/media/2021/12/22/0022100470/594/166729ce-238d-6b32-2228-a26bb426c64b_1280x720.mp4,0022100470,594
https://videos.nba.com/nba/pbp/media/2021/12/22/0022100470/612/aab050e8-d1fe-4207-b2d8-d2261162e325_1280x720.mp4,0022100470,612
https://videos.nba.com/nba/pbp/media/2021/12/22/0022100470/617/49bbc766-dbdc-6ee0-2d33-effa66246e41_1280x720.mp4,0022100470,617
https://videos.nba.com/nba/pbp/media/2021/12/22/0022100470/634/c0f2e4d1-e9f7-9084-7c81-35b7888dea94_1280x720.mp4,0022100470,634
https://videos.nba.com/nba/pbp/media/2021/12/23/0022100477/19/935fe88c-41a6-06e4-4ef2-ed2a9bed30a5_1280x720.mp4,0022100477,19
https://videos.nba.com/nba/pbp/media/2021/12/23/0022100477/278/696b9616-ddac-cdc5-b314-1c117619fb41_1280x720.mp4,0022100477,278
https://videos.nba.com/nba/pbp/media/2021/12/23/0022100477/294/53811988-5453-a291-58f1-e6800b86ef2a_1280x720.mp4,0022100477,294
https://videos.nba.com/nba/pbp/media/2021/12/23/0022100477/297/2260c942-b7b6-e343-da53-714bdd00f9bc_1280x720.mp4,0022100477,297
https://videos.nba.com/nba/pbp/media/2021/12/23/0022100477/351/062a5958-e5fa-9405-dc36-2c6436087fa3_1280x720.mp4,0022100477,351
https://videos.nba.com/nba/pbp/media/2021/12/23/0022100477/349/c39ad126-4f3e-c369-6502-d1cf94639ee2_1280x720.mp4,0022100477,349
https://videos.nba.com/nba/pbp/media/2021/12/23/0022100477/394/6080ca62-5ddc-cdf1-78fa-4d3ae12521f2_1280x720.mp4,0022100477,394
https://videos.nba.com/nba/pbp/media/2021/12/23/0022100477/409/a40f7f70-0601-8813-a969-fa8d6eed35fd_1280x720.mp4,0022100477,409
https://videos.nba.com/nba/pbp/media/2021/12/23/0022100477/416/faa8d033-5e91-6b25-326a-b97bda72b984_1280x720.mp4,0022100477,416
https://videos.nba.com/nba/pbp/media/2021/12/23/0022100477/430/4b056f9c-bc62-2b53-8d0d-0e3b8ae9ff53_1280x720.mp4,0022100477,430
https://videos.nba.com/nba/pbp/media/2021/12/23/0022100477/465/f79dbd54-814b-2f59-55df-b66899d44dcf_1280x720.mp4,0022100477,465
https://videos.nba.com/nba/pbp/media/2021/12/23/0022100477/480/a98d00d8-e41b-ffc2-2194-524b76014ab5_1280x720.mp4,0022100477,480
https://videos.nba.com/nba/pbp/media/2021/12/23/0022100477/601/5426c300-decf-f76e-56b5-c3115db00331_1280x720.mp4,0022100477,601
https://videos.nba.com/nba/pbp/media/2021/12/23/0022100477/606/b7430592-6ed6-5b4b-ce07-041f5cb8f534_1280x720.mp4,0022100477,606
https://videos.nba.com/nba/pbp/media/2021/12/23/0022100477/620/dfb05bc7-7d5a-d58c-bbe1-8a8a36ba0e2c_1280x720.mp4,0022100477,620
https://videos.nba.com/nba/pbp/media/2021/12/23/0022100477/650/53a532ed-8e16-46ea-0d45-0b573fe99651_1280x720.mp4,0022100477,650
https://videos.nba.com/nba/pbp/media/2021/12/26/0022100493/7/1e43e273-c48e-eb45-2c5a-4e648ff59772_1280x720.mp4,0022100493,7
https://videos.nba.com/nba/pbp/media/2021/12/26/0022100493/11/5fc08f78-85df-ea92-b6fd-3def257b6112_1280x720.mp4,0022100493,11
https://videos.nba.com/nba/pbp/media/2021/12/26/0022100493/110/5ec88289-1f77-370f-1d2a-a103602de3a1_1280x720.mp4,0022100493,110
https://videos.nba.com/nba/pbp/media/2021/12/26/0022100493/121/95e813a9-7d0f-acd8-c3d1-cc03ff353def_1280x720.mp4,0022100493,121
https://videos.nba.com/nba/pbp/media/2021/12/26/0022100493/301/8a790104-f3cf-cf28-9617-ee726b7a0549_1280x720.mp4,0022100493,301
https://videos.nba.com/nba/pbp/media/2021/12/26/0022100493/346/0efed95b-5fe1-77f1-8adc-077e8cf682bb_1280x720.mp4,0022100493,346
https://videos.nba.com/nba/pbp/media/2021/12/26/0022100493/391/20cd85ce-eaf8-894a-dd92-2e8f2d4b2940_1280x720.mp4,0022100493,391
https://videos.nba.com/nba/pbp/media/2021/12/26/0022100493/431/2975d2a9-9c09-81ac-edfc-6601d9d94505_1280x720.mp4,0022100493,431
https://videos.nba.com/nba/pbp/media/2021/12/26/0022100493/443/b7cdbb6f-1380-4f0b-c797-01476e1e376a_1280x720.mp4,0022100493,443
https://videos.nba.com/nba/pbp/media/2021/12/26/0022100493/559/bef730aa-5529-9721-aabc-5b6efbdfbb41_1280x720.mp4,0022100493,559
https://videos.nba.com/nba/pbp/media/2021/12/26/0022100493/566/bd4333e9-e872-a996-1e6d-6d68334b176c_1280x720.mp4,0022100493,566
https://videos.nba.com/nba/pbp/media/2021/12/28/0022100508/25/1fdc5bfc-25a8-5484-4e3b-0329ee20978a_1280x720.mp4,0022100508,25
https://videos.nba.com/nba/pbp/media/2021/12/28/0022100508/57/0940e4ad-2ba8-cd77-db5a-44c558d68df6_1280x720.mp4,0022100508,57
https://videos.nba.com/nba/pbp/media/2021/12/28/0022100508/90/b1c3b74f-64e3-4159-741b-8af8c329c465_1280x720.mp4,0022100508,90
https://videos.nba.com/nba/pbp/media/2021/12/28/0022100508/219/5fd00f7f-12f5-07e6-3291-c34f66ad2dcf_1280x720.mp4,0022100508,219
https://videos.nba.com/nba/pbp/media/2021/12/28/0022100508/283/6efd19a6-d65f-a972-62af-5d5f807f0af7_1280x720.mp4,0022100508,283
https://videos.nba.com/nba/pbp/media/2021/12/28/0022100508/293/2fe85bf3-2f76-338b-0546-571de09a293b_1280x720.mp4,0022100508,293
https://videos.nba.com/nba/pbp/media/2021/12/28/0022100508/358/65e1b4c9-cfc7-d93b-5e63-5a242a9ff65f_1280x720.mp4,0022100508,358
https://videos.nba.com/nba/pbp/media/2021/12/28/0022100508/365/ba692b9b-120d-9e42-6060-3e2f7dda15f5_1280x720.mp4,0022100508,365
https://videos.nba.com/nba/pbp/media/2021/12/28/0022100508/369/ae029c12-b20d-2f60-6a57-548c0774abae_1280x720.mp4,0022100508,369
https://videos.nba.com/nba/pbp/media/2021/12/28/0022100508/418/e4ec118b-db03-e9ed-247f-9f414ec452b2_1280x720.mp4,0022100508,418
https://videos.nba.com/nba/pbp/media/2021/12/28/0022100508/434/83cf59aa-0057-a71b-a144-e48a52ac14e7_1280x720.mp4,0022100508,434
https://videos.nba.com/nba/pbp/media/2021/12/28/0022100508/462/9a8d7942-9976-9a7e-e720-a6754eeaa42e_1280x720.mp4,0022100508,462
https://videos.nba.com/nba/pbp/media/2021/12/28/0022100508/566/7c68324c-3ed8-96d4-415e-0788d5892abd_1280x720.mp4,0022100508,566
https://videos.nba.com/nba/pbp/media/2021/12/28/0022100508/569/9f2b432a-9cfa-787c-c295-0ea15a59546e_1280x720.mp4,0022100508,569
https://videos.nba.com/nba/pbp/media/2021/12/28/0022100508/588/89323fa9-7395-6b4c-152d-5cccb56597cb_1280x720.mp4,0022100508,588
https://videos.nba.com/nba/pbp/media/2021/12/28/0022100508/600/ab1ae3c4-3cd6-b3c7-36c4-7e36e9c4de3f_1280x720.mp4,0022100508,600
https://videos.nba.com/nba/pbp/media/2021/12/28/0022100508/610/a9a5ce48-0428-9ca5-53f3-d013775dd69f_1280x720.mp4,0022100508,610
https://videos.nba.com/nba/pbp/media/2021/12/28/0022100508/636/43aec188-aa16-1a86-3014-4385f35b68c2_1280x720.mp4,0022100508,636
https://videos.nba.com/nba/pbp/media/2021/12/28/0022100508/650/51dde8b0-77ef-7a88-f640-dda1b668d3f9_1280x720.mp4,0022100508,650
https://videos.nba.com/nba/pbp/media/2021/12/28/0022100508/668/92ae2ee5-de57-6a43-cfc0-312e10c78dbd_1280x720.mp4,0022100508,668
https://videos.nba.com/nba/pbp/media/2021/12/30/0022100526/67/977cf841-ec73-8471-9ef1-bed6f45d2395_1280x720.mp4,0022100526,67
https://videos.nba.com/nba/pbp/media/2021/12/30/0022100526/72/4d8786d0-a94b-da94-178f-aa840ac83554_1280x720.mp4,0022100526,72
https://videos.nba.com/nba/pbp/media/2021/12/30/0022100526/90/1bf4ff76-bdec-1b1f-e1c4-9510a1124af7_1280x720.mp4,0022100526,90
https://videos.nba.com/nba/pbp/media/2021/12/30/0022100526/145/67efc4e8-b427-2508-2582-94f07619a7ce_1280x720.mp4,0022100526,145
https://videos.nba.com/nba/pbp/media/2021/12/30/0022100526/248/4f9c80e2-9738-c825-6e81-4d69bf520ba1_1280x720.mp4,0022100526,248
https://videos.nba.com/nba/pbp/media/2021/12/30/0022100526/285/7edeba3b-4857-7806-d6ff-91bc24b6e7d4_1280x720.mp4,0022100526,285
https://videos.nba.com/nba/pbp/media/2021/12/30/0022100526/303/36a2b237-d714-7896-389c-5b6ee16447fe_1280x720.mp4,0022100526,303
https://videos.nba.com/nba/pbp/media/2021/12/30/0022100526/316/0d9d9b10-5178-0a33-2862-c0375036e7f7_1280x720.mp4,0022100526,316
https://videos.nba.com/nba/pbp/media/2021/12/30/0022100526/404/9272eca5-a03d-84ac-00d4-668b6cbc290d_1280x720.mp4,0022100526,404
https://videos.nba.com/nba/pbp/media/2021/12/30/0022100526/428/7a606d46-edae-d37e-1d93-c21bb9a6faea_1280x720.mp4,0022100526,428
https://videos.nba.com/nba/pbp/media/2021/12/30/0022100526/469/987073f2-64f0-f976-1ac7-aefedf952911_1280x720.mp4,0022100526,469
https://videos.nba.com/nba/pbp/media/2021/12/30/0022100526/638/f865c3de-99df-3e5a-8fd8-1dbda37a1ff0_1280x720.mp4,0022100526,638
https://videos.nba.com/nba/pbp/media/2022/01/02/0022100546/26/739dcae0-3b62-93ae-4c22-cc5248fa70db_1280x720.mp4,0022100546,26
https://videos.nba.com/nba/pbp/media/2022/01/02/0022100546/43/3717a107-2809-d2fb-6ed5-e385af59bb67_1280x720.mp4,0022100546,43
https://videos.nba.com/nba/pbp/media/2022/01/02/0022100546/58/21ac3921-65d9-0b89-b433-09f55860eccb_1280x720.mp4,0022100546,58
https://videos.nba.com/nba/pbp/media/2022/01/02/0022100546/69/020bbe74-9d03-8946-c424-abcf6e4e2708_1280x720.mp4,0022100546,69
https://videos.nba.com/nba/pbp/media/2022/01/02/0022100546/73/dfa3f3cc-8f7a-612b-0bb1-e26cf5bd3239_1280x720.mp4,0022100546,73
https://videos.nba.com/nba/pbp/media/2022/01/02/0022100546/172/91486b49-0165-a5c8-df6d-1fadcdb87bb0_1280x720.mp4,0022100546,172
https://videos.nba.com/nba/pbp/media/2022/01/02/0022100546/202/dcc116ca-fd19-8bea-abdb-45628fd0ae2c_1280x720.mp4,0022100546,202
https://videos.nba.com/nba/pbp/media/2022/01/02/0022100546/359/16991ca5-24e0-0807-c13b-8a113ced2ff6_1280x720.mp4,0022100546,359
https://videos.nba.com/nba/pbp/media/2022/01/02/0022100546/543/fd978ca6-8174-205f-3725-1d0ccee843a2_1280x720.mp4,0022100546,543
https://videos.nba.com/nba/pbp/media/2022/01/02/0022100546/588/269bd802-c609-c0ff-164e-467c5ca814b6_1280x720.mp4,0022100546,588
https://videos.nba.com/nba/pbp/media/2022/01/02/0022100546/604/9d8e3a00-4bce-ea43-c0aa-595e6b6f5897_1280x720.mp4,0022100546,604
https://videos.nba.com/nba/pbp/media/2022/01/02/0022100546/660/8027274d-727d-7e74-635e-210d4a3bdd7e_1280x720.mp4,0022100546,660
https://videos.nba.com/nba/pbp/media/2022/01/02/0022100546/686/27482b1a-9dfb-9335-67c1-28248b81a93b_1280x720.mp4,0022100546,686
https://videos.nba.com/nba/pbp/media/2022/01/02/0022100546/706/b93093f7-c00c-cb16-690a-3a977e632210_1280x720.mp4,0022100546,706
https://videos.nba.com/nba/pbp/media/2022/01/03/0022100555/13/ea24f74d-91b2-c970-d53b-a6619473ccca_1280x720.mp4,0022100555,13
https://videos.nba.com/nba/pbp/media/2022/01/03/0022100555/44/6329cb53-79ec-631b-58ff-539aa3f7627a_1280x720.mp4,0022100555,44
https://videos.nba.com/nba/pbp/media/2022/01/03/0022100555/46/67e3ca24-b8ac-9c70-6be5-9bb2482e8d72_1280x720.mp4,0022100555,46
https://videos.nba.com/nba/pbp/media/2022/01/03/0022100555/59/c3965239-5320-bc40-1f25-df3c37be03c9_1280x720.mp4,0022100555,59
https://videos.nba.com/nba/pbp/media/2022/01/03/0022100555/64/32a32edf-0084-4db4-68f7-09c595bae2a5_1280x720.mp4,0022100555,64
https://videos.nba.com/nba/pbp/media/2022/01/03/0022100555/215/f94f65d6-d8cc-3984-4fb6-92e020b74db5_1280x720.mp4,0022100555,215
https://videos.nba.com/nba/pbp/media/2022/01/03/0022100555/238/1fea1041-d28f-f30a-694d-215017155e3a_1280x720.mp4,0022100555,238
https://videos.nba.com/nba/pbp/media/2022/01/03/0022100555/320/57eefbf1-8ca0-84f6-8b74-6fa3f09d8d67_1280x720.mp4,0022100555,320
https://videos.nba.com/nba/pbp/media/2022/01/03/0022100555/335/fc2af721-3361-9eec-181c-85fed4b3fe1b_1280x720.mp4,0022100555,335
https://videos.nba.com/nba/pbp/media/2022/01/03/0022100555/512/4db726a1-1abb-4bc3-1864-1888cb745007_1280x720.mp4,0022100555,512
https://videos.nba.com/nba/pbp/media/2022/01/03/0022100555/521/0b364d86-7457-863e-3e89-d1a48a4f8814_1280x720.mp4,0022100555,521
https://videos.nba.com/nba/pbp/media/2022/01/03/0022100555/557/40f0132b-3fb4-ae7b-e4e6-4052bf12dd58_1280x720.mp4,0022100555,557
https://videos.nba.com/nba/pbp/media/2022/01/03/0022100555/591/49757b4f-e43d-de06-5765-ad2259696dbc_1280x720.mp4,0022100555,591
https://videos.nba.com/nba/pbp/media/2022/01/05/0022100568/30/5923d336-c74d-7f7d-027a-4ed676b73b79_1280x720.mp4,0022100568,30
https://videos.nba.com/nba/pbp/media/2022/01/05/0022100568/34/19f65a04-b532-9eb0-8832-072187976507_1280x720.mp4,0022100568,34
https://videos.nba.com/nba/pbp/media/2022/01/05/0022100568/44/7a97af9b-776d-0a9b-5bb6-fb1d32411bd0_1280x720.mp4,0022100568,44
https://videos.nba.com/nba/pbp/media/2022/01/05/0022100568/74/0445f896-e23d-d4d4-97b5-ee49963cabca_1280x720.mp4,0022100568,74
https://videos.nba.com/nba/pbp/media/2022/01/05/0022100568/79/d984224e-2b31-f1e2-0bff-91f4fe98e023_1280x720.mp4,0022100568,79
https://videos.nba.com/nba/pbp/media/2022/01/05/0022100568/279/d8327324-0542-f393-95be-c192f6d5b5e3_1280x720.mp4,0022100568,279
https://videos.nba.com/nba/pbp/media/2022/01/05/0022100568/295/978d40b5-e05f-9405-a0b7-5ae3a2314482_1280x720.mp4,0022100568,295
https://videos.nba.com/nba/pbp/media/2022/01/05/0022100568/372/f3446ca3-2194-dc7b-b865-1b948cd52bb3_1280x720.mp4,0022100568,372
https://videos.nba.com/nba/pbp/media/2022/01/05/0022100568/402/f8c5a2d9-d5b5-352a-6a8d-e4fa3b5161f0_1280x720.mp4,0022100568,402
https://videos.nba.com/nba/pbp/media/2022/01/05/0022100568/633/4eba2ce6-bf64-bfcf-4e70-056c48d06132_1280x720.mp4,0022100568,633
https://videos.nba.com/nba/pbp/media/2022/01/05/0022100568/646/ada4427d-d213-f9bf-8983-1f5eddef8d45_1280x720.mp4,0022100568,646
https://videos.nba.com/nba/pbp/media/2022/01/08/0022100593/9/296da999-484c-1a5c-5079-bab874e403cc_1280x720.mp4,0022100593,9
https://videos.nba.com/nba/pbp/media/2022/01/08/0022100593/50/0f7f49bf-f79b-5d7d-4d13-7b7134062e85_1280x720.mp4,0022100593,50
https://videos.nba.com/nba/pbp/media/2022/01/08/0022100593/226/997ffa9f-7582-348d-b426-a4b4f4c25743_1280x720.mp4,0022100593,226
https://videos.nba.com/nba/pbp/media/2022/01/08/0022100593/251/f3edeb69-ac19-318a-ffe1-e2a8f88cf7fa_1280x720.mp4,0022100593,251
https://videos.nba.com/nba/pbp/media/2022/01/08/0022100593/280/cbaa8669-70c9-586e-c191-352e43634dd3_1280x720.mp4,0022100593,280
https://videos.nba.com/nba/pbp/media/2022/01/08/0022100593/294/d0bc503c-faf4-827d-302b-2724d8870d9b_1280x720.mp4,0022100593,294
https://videos.nba.com/nba/pbp/media/2022/01/08/0022100593/299/ce4cf4e7-551e-f002-3a9b-6c29a1f63022_1280x720.mp4,0022100593,299
https://videos.nba.com/nba/pbp/media/2022/01/08/0022100593/309/5d77d3da-8702-d787-16ed-e4b831a9c402_1280x720.mp4,0022100593,309
https://videos.nba.com/nba/pbp/media/2022/01/08/0022100593/331/89ba5f81-00b2-9df2-db51-c2ed2dda764c_1280x720.mp4,0022100593,331
https://videos.nba.com/nba/pbp/media/2022/01/08/0022100593/352/ecd2fbab-b900-c856-c1d0-0b778b9f9f5d_1280x720.mp4,0022100593,352
https://videos.nba.com/nba/pbp/media/2022/01/09/0022100598/7/eb6e811e-959c-2c47-e0fc-1cd2f1e67ea0_1280x720.mp4,0022100598,7
https://videos.nba.com/nba/pbp/media/2022/01/09/0022100598/13/aca48cf8-af13-fe14-63f6-4059d21a59bc_1280x720.mp4,0022100598,13
https://videos.nba.com/nba/pbp/media/2022/01/09/0022100598/218/92f4b1a6-8c5a-097f-ee29-c48e29c76511_1280x720.mp4,0022100598,218
https://videos.nba.com/nba/pbp/media/2022/01/09/0022100598/367/46ce6ed9-e21b-5c8e-7b7c-d9f06b816f18_1280x720.mp4,0022100598,367
https://videos.nba.com/nba/pbp/media/2022/01/09/0022100598/370/0f2f09b2-23ae-7d48-2b8e-fcb8125fd318_1280x720.mp4,0022100598,370
https://videos.nba.com/nba/pbp/media/2022/01/09/0022100598/391/16528372-244e-b5c6-40b2-62ae50c66f6b_1280x720.mp4,0022100598,391
https://videos.nba.com/nba/pbp/media/2022/01/09/0022100598/398/de9c40af-b61f-8dc0-1bac-4521e8d933ee_1280x720.mp4,0022100598,398
https://videos.nba.com/nba/pbp/media/2022/01/09/0022100598/533/dc8cd981-497b-7f10-af57-e256cb7dc325_1280x720.mp4,0022100598,533
https://videos.nba.com/nba/pbp/media/2022/01/09/0022100598/560/d3100b03-5fbf-8ae0-595d-2c4405151a36_1280x720.mp4,0022100598,560
https://videos.nba.com/nba/pbp/media/2022/01/09/0022100598/563/1963655a-dff1-141a-64f1-e8b843ce5ec1_1280x720.mp4,0022100598,563
https://videos.nba.com/nba/pbp/media/2022/01/09/0022100598/602/7dfdaafd-6c2b-71ce-aee4-9fbd67fd014f_1280x720.mp4,0022100598,602
https://videos.nba.com/nba/pbp/media/2022/01/09/0022100598/648/5e68a67e-9749-276c-5bd1-8880bcb58c45_1280x720.mp4,0022100598,648
https://videos.nba.com/nba/pbp/media/2022/01/09/0022100598/678/7a2ca78d-63da-644d-ac9c-3b55ab449357_1280x720.mp4,0022100598,678
