GAME_ID,GAME_EVENT_ID,PERIOD,ACTION_TYPE,SHOT_TYPE,SHOT_DISTANCE,LOC_X,LOC_Y,SHOT_MADE_FLAG,GAME_DATE,HTM,VTM,SEASON,GAME_TYPE,MINUTES_RE
0022100010,22,1,Reverse Layup Shot,2,0,-9,0,1,20.10.2021,SAS,ORL,2021-22,R,10:14
0022100010,40,1,Layup Shot,2,4,29,37,1,20.10.2021,SAS,ORL,2021-22,R,08:27
0022100010,259,2,Pullup Jump shot,2,8,49,72,0,20.10.2021,SAS,ORL,2021-22,R,06:47
0022100010,364,2,Jump Shot,3,26,-100,240,0,20.10.2021,SAS,ORL,2021-22,R,01:09
0022100010,450,3,Jump Shot,3,25,169,189,0,20.10.2021,SAS,ORL,2021-22,R,07:02
0022100010,567,4,Driving Finger Roll Layup Shot,2,0,7,-6,1,20.10.2021,SAS,ORL,2021-22,R,09:54
0022100010,628,4,Cutting Layup Shot,2,2,-20,-3,1,20.10.2021,SAS,ORL,2021-22,R,05:25
0022100010,675,4,Driving Dunk Shot,2,1,7,13,1,20.10.2021,SAS,ORL,2021-22,R,02:18
0022100010,700,4,Layup Shot,2,4,28,38,1,20.10.2021,SAS,ORL,2021-22,R,00:14
0022100018,62,1,Driving Layup Shot,2,3,31,24,0,22.10.2021,ORL,NYK,2021-22,R,11:48
0022100018,8,1,Floating Jump shot,2,7,-67,40,0,22.10.2021,ORL,NYK,2021-22,R,11:44
0022100018,37,1,Hook Shot,2,5,7,59,0,22.10.2021,ORL,NYK,2021-22,R,08:16
0022100018,83,1,Jump Shot,3,25,127,226,0,22.10.2021,ORL,NYK,2021-22,R,05:27
0022100018,206,2,Jump Shot,3,26,16,264,1,22.10.2021,ORL,NYK,2021-22,R,10:00
0022100018,271,2,Jump Shot,3,24,-113,220,1,22.10.2021,ORL,NYK,2021-22,R,05:05
0022100018,278,2,Pullup Jump shot,2,12,-37,119,1,22.10.2021,ORL,NYK,2021-22,R,04:31
0022100018,292,2,Driving Hook Shot,2,6,-2,63,0,22.10.2021,ORL,NYK,2021-22,R,03:57
0022100018,379,3,Putback Layup Shot,2,3,-31,10,1,22.10.2021,ORL,NYK,2021-22,R,09:10
0022100018,409,3,Running Jump Shot,3,25,191,162,1,22.10.2021,ORL,NYK,2021-22,R,06:26
0022100018,457,3,Jump Shot,3,26,-148,221,1,22.10.2021,ORL,NYK,2021-22,R,02:29
0022100018,654,4,Running Layup Shot,2,4,-5,43,0,22.10.2021,ORL,NYK,2021-22,R,00:54
0022100036,74,1,Jump Shot,3,24,-227,100,0,24.10.2021,NYK,ORL,2021-22,R,06:16
0022100036,83,1,Jump Shot,3,26,147,218,0,24.10.2021,NYK,ORL,2021-22,R,05:39
0022100036,87,1,Cutting Dunk Shot,2,0,1,7,1,24.10.2021,NYK,ORL,2021-22,R,05:13
0022100036,255,2,Reverse Layup Shot,2,1,15,8,1,24.10.2021,NYK,ORL,2021-22,R,04:41
0022100036,288,2,Running Dunk Shot,2,0,0,2,1,24.10.2021,NYK,ORL,2021-22,R,02:38
0022100036,296,2,Jump Shot,3,25,77,244,1,24.10.2021,NYK,ORL,2021-22,R,02:07
0022100036,345,3,Driving Layup Shot,2,5,0,52,0,24.10.2021,NYK,ORL,2021-22,R,11:38
0022100036,481,3,Jump Shot,3,22,-229,-14,0,24.10.2021,NYK,ORL,2021-22,R,01:40
0022100036,489,3,Jump Shot,3,26,137,232,0,24.10.2021,NYK,ORL,2021-22,R,01:02
0022100036,575,4,Layup Shot,2,0,-9,0,0,24.10.2021,NYK,ORL,2021-22,R,07:16
0022100036,633,4,Jump Shot,3,22,229,-13,0,24.10.2021,NYK,ORL,2021-22,R,02:34
0022100045,23,1,Driving Floating Jump Shot,2,8,-56,62,1,25.10.2021,MIA,ORL,2021-22,R,09:55
0022100045,32,1,Jump Shot,3,26,183,195,1,25.10.2021,MIA,ORL,2021-22,R,09:07
0022100045,178,2,Driving Dunk Shot,2,1,-9,8,1,25.10.2021,MIA,ORL,2021-22,R,10:45
0022100045,185,2,Jump Shot,3,27,168,213,0,25.10.2021,MIA,ORL,2021-22,R,10:19
0022100045,212,2,Jump Shot,3,25,-185,182,0,25.10.2021,MIA,ORL,2021-22,R,08:28
0022100045,237,2,Driving Hook Shot,2,6,15,59,1,25.10.2021,MIA,ORL,2021-22,R,06:48
0022100045,240,2,Jump Shot,3,28,-55,279,0,25.10.2021,MIA,ORL,2021-22,R,06:21
0022100045,250,2,Driving Layup Shot,2,1,10,17,0,25.10.2021,MIA,ORL,2021-22,R,05:07
0022100045,263,2,Jump Shot,3,26,-194,176,1,25.10.2021,MIA,ORL,2021-22,R,04:13
0022100045,287,2,Jump Shot,3,25,178,189,0,25.10.2021,MIA,ORL,2021-22,R,02:59
0022100045,332,3,Driving Floating Jump Shot,2,9,-39,90,1,25.10.2021,MIA,ORL,2021-22,R,11:46
0022100045,362,3,Jump Shot,3,25,100,235,0,25.10.2021,MIA,ORL,2021-22,R,09:05
0022100045,567,4,Floating Jump shot,2,9,-43,90,0,25.10.2021,MIA,ORL,2021-22,R,06:27
0022100055,53,1,Driving Finger Roll Layup Shot,2,1,9,16,1,27.10.2021,ORL,CHA,2021-22,R,07:52
0022100055,63,1,Jump Shot,3,26,-128,229,1,27.10.2021,ORL,CHA,2021-22,R,07:18
0022100055,229,2,Jump Shot,3,22,-224,1,1,27.10.2021,ORL,CHA,2021-22,R,07:28
0022100055,245,2,Jump Shot,3,26,53,256,1,27.10.2021,ORL,CHA,2021-22,R,06:02
0022100055,328,3,Driving Finger Roll Layup Shot,2,1,-7,13,1,27.10.2021,ORL,CHA,2021-22,R,11:35
0022100055,564,4,Driving Floating Jump Shot,2,8,-15,84,0,27.10.2021,ORL,CHA,2021-22,R,06:10
0022100055,576,4,Jump Shot,3,27,-10,274,0,27.10.2021,ORL,CHA,2021-22,R,04:32
0022100071,10,1,Jump Shot,3,22,228,28,0,29.10.2021,TOR,ORL,2021-22,R,11:26
0022100071,14,1,Turnaround Jump Shot,2,6,-39,57,0,29.10.2021,TOR,ORL,2021-22,R,10:56
0022100071,41,1,Driving Layup Shot,2,3,-32,12,0,29.10.2021,TOR,ORL,2021-22,R,08:36
0022100071,287,2,Driving Finger Roll Layup Shot,2,2,22,-4,0,29.10.2021,TOR,ORL,2021-22,R,01:35
0022100071,321,3,Driving Hook Shot,2,4,28,29,0,29.10.2021,TOR,ORL,2021-22,R,11:39
0022100071,330,3,Driving Hook Shot,2,5,20,48,1,29.10.2021,TOR,ORL,2021-22,R,10:36
0022100071,360,3,Running Layup Shot,2,6,1,66,0,29.10.2021,TOR,ORL,2021-22,R,07:50
0022100071,379,3,Fadeaway Jump Shot,2,4,44,10,1,29.10.2021,TOR,ORL,2021-22,R,05:58
0022100071,377,3,Driving Hook Shot,2,7,49,53,0,29.10.2021,TOR,ORL,2021-22,R,05:58
0022100071,541,4,Driving Layup Shot,2,2,-12,21,1,29.10.2021,TOR,ORL,2021-22,R,06:34
0022100071,549,4,Pullup Jump shot,2,13,-130,9,0,29.10.2021,TOR,ORL,2021-22,R,05:06
0022100071,634,4,Jump Shot,3,23,237,8,1,29.10.2021,TOR,ORL,2021-22,R,00:33
0022100079,27,1,Jump Shot,3,26,110,239,1,30.10.2021,DET,ORL,2021-22,R,09:35
0022100079,109,1,Driving Hook Shot,2,5,-2,50,1,30.10.2021,DET,ORL,2021-22,R,03:07
0022100079,116,1,Jump Shot,3,27,-131,247,0,30.10.2021,DET,ORL,2021-22,R,02:29
0022100079,127,1,Layup Shot,2,1,-16,4,1,30.10.2021,DET,ORL,2021-22,R,01:30
0022100079,146,1,Step Back Jump shot,3,23,233,27,0,30.10.2021,DET,ORL,2021-22,R,00:05
0022100079,153,2,Layup Shot,2,4,-45,10,0,30.10.2021,DET,ORL,2021-22,R,11:42
0022100079,188,2,Layup Shot,2,2,23,4,0,30.10.2021,DET,ORL,2021-22,R,08:58
0022100079,305,2,Floating Jump shot,2,5,-42,32,0,30.10.2021,DET,ORL,2021-22,R,02:21
0022100079,342,2,Driving Reverse Layup Shot,2,1,17,2,1,30.10.2021,DET,ORL,2021-22,R,00:06
0022100079,383,3,Driving Layup Shot,2,2,-21,5,1,30.10.2021,DET,ORL,2021-22,R,09:50
0022100079,391,3,Jump Shot,3,26,-80,251,1,30.10.2021,DET,ORL,2021-22,R,09:02
0022100079,424,3,Jump Shot,3,26,-143,218,1,30.10.2021,DET,ORL,2021-22,R,06:35
0022100079,436,3,Floating Jump shot,2,3,5,37,1,30.10.2021,DET,ORL,2021-22,R,05:47
0022100079,565,4,Jump Shot,3,25,164,201,0,30.10.2021,DET,ORL,2021-22,R,08:31
0022100079,591,4,Jump Shot,2,9,-53,83,0,30.10.2021,DET,ORL,2021-22,R,05:30
0022100101,23,1,Jump Shot,3,22,-223,13,0,01.11.2021,MIN,ORL,2021-22,R,10:40
0022100101,36,1,Driving Layup Shot,2,5,-28,45,1,01.11.2021,MIN,ORL,2021-22,R,09:37
0022100101,51,1,Jump Shot,3,22,-225,8,0,01.11.2021,MIN,ORL,2021-22,R,08:31
0022100101,86,1,Jump Shot,3,22,227,9,1,01.11.2021,MIN,ORL,2021-22,R,06:20
0022100101,276,2,Driving Layup Shot,2,1,-2,19,0,01.11.2021,MIN,ORL,2021-22,R,06:40
0022100101,327,2,Jump Shot,3,24,183,168,1,01.11.2021,MIN,ORL,2021-22,R,02:39
0022100101,335,2,Jump Shot,3,22,229,17,1,01.11.2021,MIN,ORL,2021-22,R,01:35
0022100101,392,3,Reverse Layup Shot,2,1,13,2,0,01.11.2021,MIN,ORL,2021-22,R,10:11
0022100101,406,3,Turnaround Hook Shot,2,8,-70,54,1,01.11.2021,MIN,ORL,2021-22,R,09:13
0022100101,442,3,Jump Shot,3,24,-202,147,0,01.11.2021,MIN,ORL,2021-22,R,06:40
0022100101,446,3,Driving Layup Shot,2,2,13,16,1,01.11.2021,MIN,ORL,2021-22,R,05:57
0022100101,593,4,Driving Layup Shot,2,1,4,13,1,01.11.2021,MIN,ORL,2021-22,R,05:40
0022100101,604,4,Driving Layup Shot,2,6,13,62,0,01.11.2021,MIN,ORL,2021-22,R,05:02
0022100101,606,4,Jump Shot,3,23,-232,29,1,01.11.2021,MIN,ORL,2021-22,R,04:57
0022100101,617,4,Jump Shot,3,24,218,120,1,01.11.2021,MIN,ORL,2021-22,R,04:07
0022100101,622,4,Driving Dunk Shot,2,1,-2,11,1,01.11.2021,MIN,ORL,2021-22,R,03:38
0022100101,626,4,Driving Layup Shot,2,2,17,18,0,01.11.2021,MIN,ORL,2021-22,R,03:10
0022100101,638,4,Jump Shot,3,24,190,160,0,01.11.2021,MIN,ORL,2021-22,R,02:31
0022100110,13,1,Running Layup Shot,2,2,5,20,1,03.11.2021,ORL,BOS,2021-22,R,10:41
0022100110,26,1,Running Layup Shot,2,4,-22,43,1,03.11.2021,ORL,BOS,2021-22,R,09:11
0022100110,75,1,Jump Shot,3,25,136,221,0,03.11.2021,ORL,BOS,2021-22,R,05:28
0022100110,224,2,Jump Shot,3,24,223,112,0,03.11.2021,ORL,BOS,2021-22,R,06:25
0022100110,253,2,Jump Shot,3,27,-121,247,1,03.11.2021,ORL,BOS,2021-22,R,04:06
0022100110,362,3,Jump Shot,3,24,-67,239,0,03.11.2021,ORL,BOS,2021-22,R,08:25
0022100110,375,3,Jump Shot,3,22,224,37,0,03.11.2021,ORL,BOS,2021-22,R,06:19
0022100110,543,4,Driving Layup Shot,2,1,13,15,1,03.11.2021,ORL,BOS,2021-22,R,06:45
0022100110,592,4,Jump Shot,3,25,87,236,0,03.11.2021,ORL,BOS,2021-22,R,03:36
0022100110,598,4,Jump Shot,3,25,240,84,0,03.11.2021,ORL,BOS,2021-22,R,03:07
0022100125,76,1,Pullup Jump shot,3,25,-153,209,0,05.11.2021,ORL,SAS,2021-22,R,05:09
0022100125,189,2,Driving Layup Shot,2,1,-10,10,0,05.11.2021,ORL,SAS,2021-22,R,09:37
0022100125,201,2,Driving Dunk Shot,2,2,20,1,1,05.11.2021,ORL,SAS,2021-22,R,08:16
0022100125,250,2,Driving Layup Shot,2,7,-77,-4,0,05.11.2021,ORL,SAS,2021-22,R,04:36
0022100125,258,2,Jump Shot,3,22,-222,-48,0,05.11.2021,ORL,SAS,2021-22,R,03:43
0022100125,334,3,Jump Shot,3,27,140,231,0,05.11.2021,ORL,SAS,2021-22,R,10:49
0022100125,355,3,Driving Layup Shot,2,6,-39,50,0,05.11.2021,ORL,SAS,2021-22,R,09:18
0022100125,372,3,Turnaround Hook Shot,2,6,-18,64,1,05.11.2021,ORL,SAS,2021-22,R,07:59
0022100125,572,4,Driving Hook Shot,2,15,15,157,0,05.11.2021,ORL,SAS,2021-22,R,04:44
0022100125,646,4,Jump Shot,3,27,13,272,1,05.11.2021,ORL,SAS,2021-22,R,01:08
0022100125,653,4,Jump Shot,3,24,-241,58,0,05.11.2021,ORL,SAS,2021-22,R,00:11
0022100141,13,1,Driving Layup Shot,2,7,-58,52,1,07.11.2021,ORL,UTA,2021-22,R,10:45
0022100141,57,1,Driving Floating Jump Shot,2,2,2,29,0,07.11.2021,ORL,UTA,2021-22,R,06:59
0022100141,61,1,Running Dunk Shot,2,3,1,36,1,07.11.2021,ORL,UTA,2021-22,R,06:38
0022100141,170,2,Hook Shot,2,5,-2,52,0,07.11.2021,ORL,UTA,2021-22,R,11:12
0022100141,176,2,Floating Jump shot,2,8,25,78,0,07.11.2021,ORL,UTA,2021-22,R,10:43
0022100141,194,2,Driving Layup Shot,2,5,-44,31,1,07.11.2021,ORL,UTA,2021-22,R,09:14
0022100141,197,2,Running Jump Shot,3,24,229,73,0,07.11.2021,ORL,UTA,2021-22,R,08:46
0022100141,278,2,Driving Layup Shot,2,6,40,49,0,07.11.2021,ORL,UTA,2021-22,R,04:09
0022100141,357,3,Driving Finger Roll Layup Shot,2,3,29,14,1,07.11.2021,ORL,UTA,2021-22,R,11:46
0022100141,395,3,Driving Layup Shot,2,4,43,16,0,07.11.2021,ORL,UTA,2021-22,R,08:34
0022100159,61,1,Layup Shot,2,2,12,27,0,10.11.2021,ORL,BKN,2021-22,R,11:30
0022100159,288,2,Tip Layup Shot,2,0,0,0,0,10.11.2021,ORL,BKN,2021-22,R,03:48
0022100159,293,2,Running Jump Shot,3,23,235,0,0,10.11.2021,ORL,BKN,2021-22,R,03:30
0022100159,295,2,Alley Oop Dunk Shot,2,1,10,0,1,10.11.2021,ORL,BKN,2021-22,R,03:25
0022100159,312,2,Running Dunk Shot,2,0,4,9,1,10.11.2021,ORL,BKN,2021-22,R,02:11
0022100159,325,2,Driving Layup Shot,2,1,17,-1,1,10.11.2021,ORL,BKN,2021-22,R,01:12
0022100159,359,3,Driving Layup Shot,2,4,13,44,0,10.11.2021,ORL,BKN,2021-22,R,11:14
0022100159,425,3,Running Dunk Shot,2,1,4,13,1,10.11.2021,ORL,BKN,2021-22,R,05:53
0022100159,570,4,Jump Shot,3,26,15,267,0,10.11.2021,ORL,BKN,2021-22,R,09:37
0022100159,576,4,Jump Shot,3,26,6,260,0,10.11.2021,ORL,BKN,2021-22,R,09:05
0022100159,631,4,Jump Shot,3,25,-206,152,0,10.11.2021,ORL,BKN,2021-22,R,04:16
0022100187,21,1,Driving Layup Shot,2,4,39,10,0,13.11.2021,ORL,WAS,2021-22,R,10:04
0022100187,48,1,Driving Reverse Layup Shot,2,3,31,9,0,13.11.2021,ORL,WAS,2021-22,R,08:20
0022100187,70,1,Driving Layup Shot,2,1,-18,0,0,13.11.2021,ORL,WAS,2021-22,R,05:56
0022100187,184,2,Driving Floating Jump Shot,2,9,50,84,0,13.11.2021,ORL,WAS,2021-22,R,10:55
0022100187,361,3,Jump Shot,3,26,154,215,0,13.11.2021,ORL,WAS,2021-22,R,10:10
0022100187,375,3,Running Reverse Layup Shot,2,3,23,27,1,13.11.2021,ORL,WAS,2021-22,R,08:58
0022100187,379,3,Running Layup Shot,2,3,-15,32,0,13.11.2021,ORL,WAS,2021-22,R,08:35
0022100187,381,3,Putback Layup Shot,2,5,-15,49,0,13.11.2021,ORL,WAS,2021-22,R,08:33
0022100187,520,4,Driving Layup Shot,2,5,-44,32,0,13.11.2021,ORL,WAS,2021-22,R,10:33
0022100187,562,4,Driving Dunk Shot,2,4,-7,48,1,13.11.2021,ORL,WAS,2021-22,R,07:39
0022100187,577,4,Cutting Layup Shot,2,6,-29,59,0,13.11.2021,ORL,WAS,2021-22,R,05:55
0022100202,7,1,Driving Layup Shot,2,4,26,34,0,15.11.2021,ATL,ORL,2021-22,R,11:44
0022100202,10,1,Driving Floating Jump Shot,2,8,29,81,0,15.11.2021,ATL,ORL,2021-22,R,11:31
0022100202,30,1,Cutting Layup Shot,2,1,4,16,1,15.11.2021,ATL,ORL,2021-22,R,09:14
0022100202,53,1,Driving Layup Shot,2,1,13,12,0,15.11.2021,ATL,ORL,2021-22,R,06:34
0022100202,127,1,Reverse Layup Shot,2,1,2,16,0,15.11.2021,ATL,ORL,2021-22,R,02:23
0022100202,207,2,Driving Layup Shot,2,15,-93,130,0,15.11.2021,ATL,ORL,2021-22,R,07:47
0022100202,240,2,Driving Layup Shot,2,3,-17,29,0,15.11.2021,ATL,ORL,2021-22,R,05:54
0022100202,254,2,Cutting Dunk Shot,2,2,0,20,1,15.11.2021,ATL,ORL,2021-22,R,04:53
0022100202,402,3,Cutting Dunk Shot,2,1,-2,-18,1,15.11.2021,ATL,ORL,2021-22,R,06:58
0022100202,538,4,Jump Shot,3,22,-225,35,1,15.11.2021,ATL,ORL,2021-22,R,08:33
0022100202,543,4,Jump Shot,3,24,-7,246,0,15.11.2021,ATL,ORL,2021-22,R,07:50
0022100202,560,4,Pullup Jump shot,3,24,4,246,1,15.11.2021,ATL,ORL,2021-22,R,06:50
0022100202,606,4,Driving Layup Shot,2,0,-7,-6,1,15.11.2021,ATL,ORL,2021-22,R,04:22
0022100202,630,4,Floating Jump shot,2,5,13,57,1,15.11.2021,ATL,ORL,2021-22,R,03:07
0022100218,26,1,Driving Floating Bank Jump Shot,2,1,1,13,1,17.11.2021,NYK,ORL,2021-22,R,10:01
0022100218,39,1,Layup Shot,2,2,-23,11,0,17.11.2021,NYK,ORL,2021-22,R,09:14
0022100218,46,1,Driving Layup Shot,2,2,23,-13,0,17.11.2021,NYK,ORL,2021-22,R,08:43
0022100218,208,2,Driving Layup Shot,2,1,12,7,0,17.11.2021,NYK,ORL,2021-22,R,08:51
0022100218,234,2,Jump Shot,3,25,151,200,1,17.11.2021,NYK,ORL,2021-22,R,07:13
0022100218,275,2,Driving Floating Jump Shot,2,14,-18,141,1,17.11.2021,NYK,ORL,2021-22,R,03:19
0022100218,286,2,Driving Layup Shot,2,0,7,0,0,17.11.2021,NYK,ORL,2021-22,R,02:07
0022100218,385,3,Jump Shot,3,26,154,210,0,17.11.2021,NYK,ORL,2021-22,R,06:37
0022100218,550,4,Driving Reverse Layup Shot,2,1,12,11,1,17.11.2021,NYK,ORL,2021-22,R,08:23
0022100218,582,4,Cutting Layup Shot,2,3,15,27,1,17.11.2021,NYK,ORL,2021-22,R,05:24
0022100218,627,4,Driving Dunk Shot,2,1,2,14,1,17.11.2021,NYK,ORL,2021-22,R,01:45
0022100233,17,1,Step Back Jump shot,3,25,-53,253,0,19.11.2021,BKN,ORL,2021-22,R,10:53
0022100233,189,2,Jump Shot,3,23,-229,26,0,19.11.2021,BKN,ORL,2021-22,R,10:44
0022100233,217,2,Driving Hook Shot,2,9,77,48,0,19.11.2021,BKN,ORL,2021-22,R,08:23
0022100233,221,2,Driving Finger Roll Layup Shot,2,4,-28,33,1,19.11.2021,BKN,ORL,2021-22,R,07:57
0022100233,225,2,Cutting Layup Shot,2,3,-4,33,1,19.11.2021,BKN,ORL,2021-22,R,07:16
0022100233,385,3,Driving Floating Jump Shot,2,5,50,24,0,19.11.2021,BKN,ORL,2021-22,R,07:59
0022100233,402,3,Pullup Jump shot,2,17,137,109,1,19.11.2021,BKN,ORL,2021-22,R,06:55
0022100233,406,3,Jump Shot,3,28,129,258,0,19.11.2021,BKN,ORL,2021-22,R,06:02
0022100233,416,3,Jump Shot,3,22,-223,8,1,19.11.2021,BKN,ORL,2021-22,R,05:08
0022100233,437,3,Hook Shot,2,2,6,26,0,19.11.2021,BKN,ORL,2021-22,R,03:28
0022100233,590,4,Jump Shot,3,25,168,194,1,19.11.2021,BKN,ORL,2021-22,R,05:11
0022100233,609,4,Jump Shot,3,25,-189,168,0,19.11.2021,BKN,ORL,2021-22,R,04:10
0022100233,639,4,Driving Reverse Layup Shot,2,3,-18,26,0,19.11.2021,BKN,ORL,2021-22,R,02:24
0022100244,7,1,Pullup Jump shot,2,20,-34,198,0,20.11.2021,MIL,ORL,2021-22,R,11:39
0022100244,30,1,Running Jump Shot,3,23,-230,17,1,20.11.2021,MIL,ORL,2021-22,R,09:36
0022100244,38,1,Driving Floating Jump Shot,2,5,38,34,0,20.11.2021,MIL,ORL,2021-22,R,08:44
0022100244,144,1,Jump Shot,3,25,-140,211,0,20.11.2021,MIL,ORL,2021-22,R,01:44
0022100258,67,1,Pullup Jump shot,3,25,77,242,0,22.11.2021,MIL,ORL,2021-22,R,06:54
0022100258,156,1,Driving Layup Shot,2,1,1,11,0,22.11.2021,MIL,ORL,2021-22,R,01:43
0022100258,159,1,Driving Hook Shot,2,6,43,42,0,22.11.2021,MIL,ORL,2021-22,R,01:18
0022100258,231,2,Driving Layup Shot,2,2,-2,29,0,22.11.2021,MIL,ORL,2021-22,R,07:58
0022100258,347,2,Putback Layup Shot,2,2,16,13,0,22.11.2021,MIL,ORL,2021-22,R,07:56
0022100258,256,2,Driving Floating Jump Shot,2,7,25,68,0,22.11.2021,MIL,ORL,2021-22,R,06:25
0022100258,278,2,Pullup Jump shot,3,26,-96,242,0,22.11.2021,MIL,ORL,2021-22,R,04:56
0022100258,389,3,Pullup Jump shot,3,27,-119,244,0,22.11.2021,MIL,ORL,2021-22,R,09:01
0022100258,416,3,Driving Layup Shot,2,7,-40,60,0,22.11.2021,MIL,ORL,2021-22,R,07:15
0022100269,14,1,Driving Layup Shot,2,3,-17,35,0,24.11.2021,ORL,CHA,2021-22,R,11:14
0022100269,17,1,Driving Floating Jump Shot,2,5,-12,55,1,24.11.2021,ORL,CHA,2021-22,R,11:04
0022100269,53,1,Driving Layup Shot,2,3,-2,32,0,24.11.2021,ORL,CHA,2021-22,R,08:05
0022100269,61,1,Driving Layup Shot,2,0,-7,-1,0,24.11.2021,ORL,CHA,2021-22,R,07:42
0022100269,67,1,Putback Layup Shot,2,2,26,11,1,24.11.2021,ORL,CHA,2021-22,R,07:35
0022100269,302,2,Turnaround Hook Shot,2,4,-42,26,1,24.11.2021,ORL,CHA,2021-22,R,04:25
0022100269,314,2,Driving Layup Shot,2,3,-16,36,0,24.11.2021,ORL,CHA,2021-22,R,03:45
0022100269,363,3,Jump Shot,3,26,-123,237,1,24.11.2021,ORL,CHA,2021-22,R,11:06
0022100269,371,3,Turnaround Hook Shot,2,9,1,95,0,24.11.2021,ORL,CHA,2021-22,R,10:06
0022100269,437,3,Pullup Jump shot,3,26,72,258,1,24.11.2021,ORL,CHA,2021-22,R,05:07
0022100269,599,4,Driving Floating Jump Shot,2,9,2,92,1,24.11.2021,ORL,CHA,2021-22,R,05:38
0022100269,667,4,Running Layup Shot,2,4,-5,44,1,24.11.2021,ORL,CHA,2021-22,R,00:05
0022100283,7,1,Driving Layup Shot,2,5,48,34,0,26.11.2021,ORL,CHI,2021-22,R,11:41
0022100283,24,1,Floating Jump shot,2,7,43,57,1,26.11.2021,ORL,CHI,2021-22,R,09:52
0022100283,39,1,Driving Layup Shot,2,4,33,27,0,26.11.2021,ORL,CHI,2021-22,R,08:35
0022100283,61,1,Driving Layup Shot,2,3,26,25,1,26.11.2021,ORL,CHI,2021-22,R,06:08
0022100283,77,1,Jump Shot,3,25,109,236,0,26.11.2021,ORL,CHI,2021-22,R,04:47
0022100283,207,2,Cutting Finger Roll Layup Shot,2,5,-22,52,1,26.11.2021,ORL,CHI,2021-22,R,08:00
0022100283,253,2,Step Back Jump shot,3,26,-22,262,0,26.11.2021,ORL,CHI,2021-22,R,04:06
0022100283,275,2,Driving Finger Roll Layup Shot,2,5,-17,55,0,26.11.2021,ORL,CHI,2021-22,R,02:54
0022100283,302,2,Running Layup Shot,2,2,-15,16,1,26.11.2021,ORL,CHI,2021-22,R,01:06
0022100283,349,3,Driving Layup Shot,2,3,32,8,0,26.11.2021,ORL,CHI,2021-22,R,10:09
0022100283,354,3,Driving Layup Shot,2,1,16,9,0,26.11.2021,ORL,CHI,2021-22,R,09:32
0022100283,358,3,Jump Shot,3,25,103,234,0,26.11.2021,ORL,CHI,2021-22,R,09:14
0022100283,382,3,Driving Finger Roll Layup Shot,2,3,12,34,1,26.11.2021,ORL,CHI,2021-22,R,07:01
0022100283,486,3,Cutting Dunk Shot,2,0,0,6,1,26.11.2021,ORL,CHI,2021-22,R,00:04
0022100295,9,1,Driving Layup Shot,2,1,11,13,0,27.11.2021,CLE,ORL,2021-22,R,11:32
0022100295,20,1,Step Back Jump shot,3,26,163,210,0,27.11.2021,CLE,ORL,2021-22,R,10:17
0022100295,112,1,Turnaround Jump Shot,2,10,58,89,1,27.11.2021,CLE,ORL,2021-22,R,02:19
0022100295,205,2,Driving Floating Bank Jump Shot,2,2,15,15,1,27.11.2021,CLE,ORL,2021-22,R,07:10
0022100295,284,2,Pullup Jump shot,2,14,-143,25,1,27.11.2021,CLE,ORL,2021-22,R,02:20
0022100295,305,2,Driving Floating Jump Shot,2,5,36,47,0,27.11.2021,CLE,ORL,2021-22,R,00:50
0022100295,316,2,Driving Floating Bank Jump Shot,2,1,16,10,0,27.11.2021,CLE,ORL,2021-22,R,00:02
0022100295,342,3,Pullup Jump shot,2,6,-13,63,0,27.11.2021,CLE,ORL,2021-22,R,10:06
0022100295,364,3,Jump Shot,3,24,235,53,1,27.11.2021,CLE,ORL,2021-22,R,07:46
0022100295,450,3,Driving Layup Shot,2,0,-7,0,0,27.11.2021,CLE,ORL,2021-22,R,01:48
0022100295,564,4,Driving Floating Bank Jump Shot,2,3,-33,1,0,27.11.2021,CLE,ORL,2021-22,R,05:45
0022100295,595,4,Jump Shot,3,24,-218,120,0,27.11.2021,CLE,ORL,2021-22,R,03:02
0022100295,599,4,Driving Layup Shot,2,2,21,19,0,27.11.2021,CLE,ORL,2021-22,R,02:26
0022100305,12,1,Jump Shot,3,27,140,237,0,29.11.2021,PHI,ORL,2021-22,R,11:12
0022100305,16,1,Floating Jump shot,2,13,-99,98,1,29.11.2021,PHI,ORL,2021-22,R,10:42
0022100305,23,1,Pullup Jump shot,3,25,-175,190,0,29.11.2021,PHI,ORL,2021-22,R,09:56
0022100305,66,1,Pullup Jump shot,3,25,143,214,0,29.11.2021,PHI,ORL,2021-22,R,06:49
0022100305,131,1,Driving Floating Jump Shot,2,10,15,106,0,29.11.2021,PHI,ORL,2021-22,R,02:17
0022100305,222,2,Driving Layup Shot,2,2,16,14,0,29.11.2021,PHI,ORL,2021-22,R,07:04
0022100305,236,2,Driving Bank Hook Shot,2,3,29,10,1,29.11.2021,PHI,ORL,2021-22,R,05:48
0022100305,260,2,Driving Finger Roll Layup Shot,2,0,9,-2,1,29.11.2021,PHI,ORL,2021-22,R,04:00
0022100305,278,2,Driving Reverse Layup Shot,2,1,16,-2,1,29.11.2021,PHI,ORL,2021-22,R,01:50
0022100305,281,2,Driving Reverse Layup Shot,2,0,7,5,0,29.11.2021,PHI,ORL,2021-22,R,01:14
0022100305,302,3,Jump Shot,3,22,224,16,1,29.11.2021,PHI,ORL,2021-22,R,11:28
0022100305,306,3,Driving Floating Jump Shot,2,8,-4,80,1,29.11.2021,PHI,ORL,2021-22,R,11:04
0022100305,322,3,Layup Shot,2,3,31,22,0,29.11.2021,PHI,ORL,2021-22,R,09:42
0022100305,329,3,Turnaround Jump Shot,2,7,-4,74,1,29.11.2021,PHI,ORL,2021-22,R,09:16
0022100305,355,3,Running Finger Roll Layup Shot,2,3,4,39,1,29.11.2021,PHI,ORL,2021-22,R,06:35
0022100305,374,3,Driving Reverse Layup Shot,2,0,7,2,0,29.11.2021,PHI,ORL,2021-22,R,05:40
0022100305,387,3,Running Dunk Shot,2,0,-2,8,1,29.11.2021,PHI,ORL,2021-22,R,04:41
0022100305,545,4,Driving Layup Shot,2,1,15,-1,0,29.11.2021,PHI,ORL,2021-22,R,06:12
0022100305,563,4,Driving Layup Shot,2,2,-20,10,1,29.11.2021,PHI,ORL,2021-22,R,04:21
0022100305,573,4,Driving Floating Bank Jump Shot,2,2,-17,18,0,29.11.2021,PHI,ORL,2021-22,R,03:18
0022100305,583,4,Driving Layup Shot,2,1,13,5,1,29.11.2021,PHI,ORL,2021-22,R,02:51
0022100305,600,4,Running Finger Roll Layup Shot,2,0,5,0,0,29.11.2021,PHI,ORL,2021-22,R,01:01
0022100305,612,4,Pullup Jump shot,3,25,115,228,0,29.11.2021,PHI,ORL,2021-22,R,00:37
0022100305,650,4,Driving Floating Jump Shot,2,3,-33,7,0,29.11.2021,PHI,ORL,2021-22,R,00:15
0022100320,31,1,Running Reverse Layup Shot,2,2,-12,16,0,01.12.2021,ORL,DEN,2021-22,R,09:13
0022100320,42,1,Driving Layup Shot,2,3,28,20,1,01.12.2021,ORL,DEN,2021-22,R,09:02
0022100320,47,1,Driving Reverse Layup Shot,2,2,-20,3,1,01.12.2021,ORL,DEN,2021-22,R,08:29
0022100320,242,2,Running Jump Shot,2,7,-1,72,0,01.12.2021,ORL,DEN,2021-22,R,05:49
0022100320,337,3,Running Alley Oop Dunk Shot,2,1,-9,15,1,01.12.2021,ORL,DEN,2021-22,R,09:45
0022100320,373,3,Running Layup Shot,2,2,16,18,0,01.12.2021,ORL,DEN,2021-22,R,05:49
0022100320,429,3,Driving Layup Shot,2,2,-12,22,1,01.12.2021,ORL,DEN,2021-22,R,02:04
0022100320,584,4,Driving Layup Shot,2,1,-9,17,1,01.12.2021,ORL,DEN,2021-22,R,02:40
0022100320,594,4,Step Back Jump shot,3,27,-109,248,1,01.12.2021,ORL,DEN,2021-22,R,01:45
0022100337,65,1,Driving Layup Shot,2,1,-10,-5,0,03.12.2021,HOU,ORL,2021-22,R,07:51
0022100337,61,1,Running Layup Shot,2,1,-12,7,1,03.12.2021,HOU,ORL,2021-22,R,06:39
0022100337,161,1,Jump Shot,3,23,233,0,0,03.12.2021,HOU,ORL,2021-22,R,00:18
0022100337,309,2,Jump Shot,3,26,67,258,1,03.12.2021,HOU,ORL,2021-22,R,02:10
0022100337,363,3,Driving Hook Shot,2,4,40,16,0,03.12.2021,HOU,ORL,2021-22,R,10:58
0022100337,376,3,Putback Layup Shot,2,2,16,14,1,03.12.2021,HOU,ORL,2021-22,R,10:33
0022100337,379,3,Cutting Layup Shot,2,2,-18,13,0,03.12.2021,HOU,ORL,2021-22,R,10:11
0022100337,390,3,Floating Jump shot,2,10,59,85,0,03.12.2021,HOU,ORL,2021-22,R,09:16
0022100337,407,3,Driving Floating Bank Jump Shot,2,10,-69,80,1,03.12.2021,HOU,ORL,2021-22,R,08:22
0022100337,422,3,Pullup Jump shot,3,27,10,272,0,03.12.2021,HOU,ORL,2021-22,R,06:50
0022100337,450,3,Cutting Dunk Shot,2,2,16,24,1,03.12.2021,HOU,ORL,2021-22,R,04:41
0022100337,585,4,Driving Hook Shot,2,7,71,25,0,03.12.2021,HOU,ORL,2021-22,R,05:29
0022100337,594,4,Driving Hook Shot,2,6,1,61,0,03.12.2021,HOU,ORL,2021-22,R,04:32
0022100337,609,4,Jump Shot,3,24,-150,190,1,03.12.2021,HOU,ORL,2021-22,R,03:18
0022100361,17,1,Driving Layup Shot,2,7,-64,31,1,06.12.2021,GSW,ORL,2021-22,R,10:34
0022100361,40,1,Jump Shot,3,28,-163,236,0,06.12.2021,GSW,ORL,2021-22,R,08:06
0022100361,56,1,Driving Floating Jump Shot,2,7,13,76,0,06.12.2021,GSW,ORL,2021-22,R,06:40
0022100361,116,1,Driving Floating Jump Shot,2,10,-2,105,1,06.12.2021,GSW,ORL,2021-22,R,02:47
0022100361,159,2,Layup Shot,2,5,47,23,0,06.12.2021,GSW,ORL,2021-22,R,11:39
0022100361,188,2,Driving Floating Jump Shot,2,8,-11,86,0,06.12.2021,GSW,ORL,2021-22,R,10:08
0022100361,228,2,Driving Layup Shot,2,2,17,12,1,06.12.2021,GSW,ORL,2021-22,R,06:58
0022100361,268,2,Step Back Jump shot,3,25,153,204,0,06.12.2021,GSW,ORL,2021-22,R,04:15
0022100361,272,2,Layup Shot,2,3,-26,16,0,06.12.2021,GSW,ORL,2021-22,R,03:59
0022100361,342,3,Driving Layup Shot,2,2,-23,13,1,06.12.2021,GSW,ORL,2021-22,R,09:58
0022100361,347,3,Dunk Shot,2,0,-4,6,1,06.12.2021,GSW,ORL,2021-22,R,09:24
0022100361,386,3,Jump Shot,3,22,-229,-5,1,06.12.2021,GSW,ORL,2021-22,R,07:22
0022100361,405,3,Cutting Layup Shot,2,5,36,38,1,06.12.2021,GSW,ORL,2021-22,R,05:32
0022100377,51,1,Pullup Jump shot,3,24,175,172,1,08.12.2021,SAC,ORL,2021-22,R,07:54
0022100377,167,2,Driving Floating Jump Shot,2,11,-92,75,0,08.12.2021,SAC,ORL,2021-22,R,11:40
0022100377,177,2,Driving Floating Jump Shot,2,5,0,51,0,08.12.2021,SAC,ORL,2021-22,R,10:38
0022100377,297,2,Floating Jump shot,2,6,60,11,1,08.12.2021,SAC,ORL,2021-22,R,02:16
0022100377,301,2,Turnaround Jump Shot,2,4,-36,32,0,08.12.2021,SAC,ORL,2021-22,R,01:34
0022100377,373,3,Driving Layup Shot,2,2,29,4,0,08.12.2021,SAC,ORL,2021-22,R,07:10
0022100377,568,4,Driving Floating Jump Shot,2,6,-13,67,1,08.12.2021,SAC,ORL,2021-22,R,06:54
0022100377,594,4,Jump Shot,3,24,-235,78,1,08.12.2021,SAC,ORL,2021-22,R,04:49
0022100377,622,4,Running Layup Shot,2,6,40,57,0,08.12.2021,SAC,ORL,2021-22,R,02:27
0022100377,643,4,Running Layup Shot,2,1,7,15,1,08.12.2021,SAC,ORL,2021-22,R,01:05
0022100391,28,1,Driving Layup Shot,2,3,-28,19,0,11.12.2021,LAC,ORL,2021-22,R,09:07
0022100391,30,1,Floating Jump shot,2,3,7,32,1,11.12.2021,LAC,ORL,2021-22,R,09:02
0022100391,49,1,Driving Floating Bank Jump Shot,2,4,32,29,1,11.12.2021,LAC,ORL,2021-22,R,07:20
0022100391,123,1,Step Back Jump shot,3,24,118,213,1,11.12.2021,LAC,ORL,2021-22,R,02:07
0022100391,285,3,Pullup Jump shot,2,11,-5,111,0,11.12.2021,LAC,ORL,2021-22,R,11:08
0022100391,306,3,Cutting Dunk Shot,2,2,-15,20,1,11.12.2021,LAC,ORL,2021-22,R,08:34
0022100391,322,3,Cutting Layup Shot,2,1,1,16,1,11.12.2021,LAC,ORL,2021-22,R,07:07
0022100391,333,3,Driving Layup Shot,2,2,-7,23,1,11.12.2021,LAC,ORL,2021-22,R,06:42
0022100391,360,3,Step Back Jump shot,3,24,-142,205,1,11.12.2021,LAC,ORL,2021-22,R,04:27
0022100391,512,4,Driving Layup Shot,2,3,-4,39,1,11.12.2021,LAC,ORL,2021-22,R,04:44
0022100403,26,1,Jump Shot,3,22,-224,-11,1,12.12.2021,LAL,ORL,2021-22,R,09:05
0022100403,39,1,Step Back Jump shot,3,27,154,226,0,12.12.2021,LAL,ORL,2021-22,R,08:09
0022100403,45,1,Driving Bank Hook Shot,2,5,37,37,1,12.12.2021,LAL,ORL,2021-22,R,07:24
0022100403,115,1,Floating Jump shot,2,2,17,15,0,12.12.2021,LAL,ORL,2021-22,R,01:46
0022100403,170,2,Driving Layup Shot,2,4,6,47,0,12.12.2021,LAL,ORL,2021-22,R,09:56
0022100403,184,2,Floating Jump shot,2,3,2,37,1,12.12.2021,LAL,ORL,2021-22,R,09:22
0022100403,313,2,Step Back Jump shot,2,17,54,171,0,12.12.2021,LAL,ORL,2021-22,R,01:23
0022100403,316,2,Pullup Jump shot,3,29,189,220,0,12.12.2021,LAL,ORL,2021-22,R,00:45
0022100403,342,3,Driving Hook Shot,2,6,20,57,1,12.12.2021,LAL,ORL,2021-22,R,11:24
0022100403,405,3,Driving Layup Shot,2,2,-15,21,0,12.12.2021,LAL,ORL,2021-22,R,06:09
0022100403,415,3,Driving Layup Shot,2,2,15,17,0,12.12.2021,LAL,ORL,2021-22,R,05:58
0022100403,417,3,Jump Bank Shot,2,13,-6,137,0,12.12.2021,LAL,ORL,2021-22,R,05:53
0022100403,466,3,Jump Shot,3,28,154,235,0,12.12.2021,LAL,ORL,2021-22,R,03:19
0022100403,529,4,Jump Shot,3,27,-179,215,1,12.12.2021,LAL,ORL,2021-22,R,09:34
0022100403,547,4,Layup Shot,2,2,2,23,1,12.12.2021,LAL,ORL,2021-22,R,07:40
0022100403,559,4,Driving Reverse Layup Shot,2,4,32,27,0,12.12.2021,LAL,ORL,2021-22,R,07:02
0022100403,567,4,Dunk Shot,2,2,-9,28,1,12.12.2021,LAL,ORL,2021-22,R,05:53
0022100403,612,4,Driving Layup Shot,2,2,-6,26,1,12.12.2021,LAL,ORL,2021-22,R,02:52
0022100418,16,1,Turnaround Hook Shot,2,3,-25,22,0,15.12.2021,ORL,ATL,2021-22,R,10:02
0022100418,33,1,Reverse Layup Shot,2,2,20,-6,1,15.12.2021,ORL,ATL,2021-22,R,08:08
0022100418,72,1,Driving Dunk Shot,2,2,-21,-2,1,15.12.2021,ORL,ATL,2021-22,R,05:28
0022100418,94,1,Running Layup Shot,2,2,-6,25,0,15.12.2021,ORL,ATL,2021-22,R,03:15
0022100418,267,2,Driving Floating Jump Shot,2,6,23,62,0,15.12.2021,ORL,ATL,2021-22,R,03:39
0022100418,269,2,Jump Shot,3,27,-45,267,0,15.12.2021,ORL,ATL,2021-22,R,03:27
0022100418,303,2,Running Layup Shot,2,2,27,-4,1,15.12.2021,ORL,ATL,2021-22,R,01:31
0022100418,377,3,Jump Shot,3,24,-240,54,0,15.12.2021,ORL,ATL,2021-22,R,06:34
0022100418,412,3,Jump Shot,3,25,-225,121,0,15.12.2021,ORL,ATL,2021-22,R,04:18
0022100418,493,4,Driving Layup Shot,2,5,-2,57,0,15.12.2021,ORL,ATL,2021-22,R,11:37
0022100418,542,4,Tip Layup Shot,2,0,0,0,0,15.12.2021,ORL,ATL,2021-22,R,06:45
0022100418,545,4,Driving Hook Shot,2,4,-29,37,0,15.12.2021,ORL,ATL,2021-22,R,06:36
0022100418,547,4,Driving Finger Roll Layup Shot,2,2,-7,21,1,15.12.2021,ORL,ATL,2021-22,R,06:30
0022100418,577,4,Driving Layup Shot,2,4,9,48,1,15.12.2021,ORL,ATL,2021-22,R,04:28
0022100433,25,1,Driving Layup Shot,2,1,-13,1,1,17.12.2021,ORL,MIA,2021-22,R,10:28
0022100433,64,1,Turnaround Jump Shot,2,16,-150,63,1,17.12.2021,ORL,MIA,2021-22,R,06:47
0022100433,70,1,Driving Floating Jump Shot,2,10,13,108,0,17.12.2021,ORL,MIA,2021-22,R,06:21
0022100433,72,1,Putback Layup Shot,2,1,0,10,1,17.12.2021,ORL,MIA,2021-22,R,06:18
0022100433,87,1,Pullup Jump shot,3,25,100,230,0,17.12.2021,ORL,MIA,2021-22,R,04:46
0022100433,91,1,Turnaround Fadeaway shot,2,12,81,94,0,17.12.2021,ORL,MIA,2021-22,R,04:10
0022100433,240,2,Driving Floating Jump Shot,2,6,66,20,1,17.12.2021,ORL,MIA,2021-22,R,06:16
0022100433,257,2,Driving Layup Shot,2,3,-29,14,1,17.12.2021,ORL,MIA,2021-22,R,04:09
0022100433,280,2,Driving Layup Shot,2,1,18,-4,1,17.12.2021,ORL,MIA,2021-22,R,02:50
0022100433,302,2,Tip Dunk Shot,2,0,0,0,1,17.12.2021,ORL,MIA,2021-22,R,01:11
0022100433,361,3,Jump Shot,3,25,-134,212,0,17.12.2021,ORL,MIA,2021-22,R,08:28
0022100433,365,3,Driving Layup Shot,2,4,-25,41,1,17.12.2021,ORL,MIA,2021-22,R,08:15
0022100433,372,3,Turnaround Jump Shot,2,12,-94,78,0,17.12.2021,ORL,MIA,2021-22,R,07:24
0022100433,396,3,Driving Floating Jump Shot,2,9,-87,25,1,17.12.2021,ORL,MIA,2021-22,R,05:28
0022100433,496,4,Running Pull-Up Jump Shot,2,7,64,41,1,17.12.2021,ORL,MIA,2021-22,R,10:58
0022100433,505,4,Step Back Jump shot,3,27,-25,272,0,17.12.2021,ORL,MIA,2021-22,R,10:16
0022100433,508,4,Driving Floating Jump Shot,2,13,-7,133,0,17.12.2021,ORL,MIA,2021-22,R,09:45
0022100433,521,4,Step Back Jump shot,2,18,186,6,0,17.12.2021,ORL,MIA,2021-22,R,08:42
0022100433,545,4,Driving Floating Jump Shot,2,4,-44,10,0,17.12.2021,ORL,MIA,2021-22,R,06:59
0022100433,556,4,Driving Floating Jump Shot,2,15,7,152,0,17.12.2021,ORL,MIA,2021-22,R,05:58
0022100433,569,4,Driving Layup Shot,2,2,-20,18,1,17.12.2021,ORL,MIA,2021-22,R,04:42
0022100433,574,4,Turnaround Jump Shot,2,13,-22,131,0,17.12.2021,ORL,MIA,2021-22,R,04:03
0022100433,618,4,Driving Hook Shot,2,9,88,32,0,17.12.2021,ORL,MIA,2021-22,R,00:38
0022100442,7,1,Driving Layup Shot,2,0,2,-6,0,18.12.2021,BKN,ORL,2021-22,R,11:54
0022100442,26,1,Driving Hook Shot,2,2,1,28,0,18.12.2021,BKN,ORL,2021-22,R,09:16
0022100442,74,1,Driving Reverse Layup Shot,2,1,13,11,0,18.12.2021,BKN,ORL,2021-22,R,05:35
0022100442,117,1,Driving Layup Shot,2,1,-7,12,0,18.12.2021,BKN,ORL,2021-22,R,04:28
0022100442,243,2,Pullup Jump shot,3,25,44,253,0,18.12.2021,BKN,ORL,2021-22,R,05:07
0022100442,256,2,Floating Jump shot,2,9,2,99,0,18.12.2021,BKN,ORL,2021-22,R,04:05
0022100442,293,2,Pullup Jump shot,3,25,156,197,0,18.12.2021,BKN,ORL,2021-22,R,01:30
0022100442,307,2,Driving Layup Shot,2,0,-6,2,1,18.12.2021,BKN,ORL,2021-22,R,00:38
0022100442,361,3,Driving Floating Jump Shot,2,12,94,79,1,18.12.2021,BKN,ORL,2021-22,R,08:19
0022100442,529,4,Driving Layup Shot,2,2,20,-2,1,18.12.2021,BKN,ORL,2021-22,R,08:09
0022100442,589,4,Pullup Jump shot,2,17,-51,168,0,18.12.2021,BKN,ORL,2021-22,R,03:48
0022100442,593,4,Driving Hook Shot,2,8,50,71,0,18.12.2021,BKN,ORL,2021-22,R,03:26
0022100442,606,4,Driving Layup Shot,2,3,22,21,0,18.12.2021,BKN,ORL,2021-22,R,02:18
0022100442,627,4,Driving Floating Jump Shot,2,3,11,30,1,18.12.2021,BKN,ORL,2021-22,R,00:39
0022100470,18,1,Driving Layup Shot,2,0,9,-1,1,22.12.2021,ATL,ORL,2021-22,R,09:39
0022100470,29,1,Pullup Jump shot,3,25,163,201,1,22.12.2021,ATL,ORL,2021-22,R,08:32
0022100470,33,1,Driving Layup Shot,2,1,9,15,1,22.12.2021,ATL,ORL,2021-22,R,08:04
0022100470,42,1,Cutting Layup Shot,2,4,4,49,0,22.12.2021,ATL,ORL,2021-22,R,07:39
0022100470,111,1,Pullup Jump shot,3,26,-53,256,0,22.12.2021,ATL,ORL,2021-22,R,03:16
0022100470,250,2,Driving Layup Shot,2,1,-15,10,0,22.12.2021,ATL,ORL,2021-22,R,05:18
0022100470,260,2,Jump Shot,3,23,-230,54,0,22.12.2021,ATL,ORL,2021-22,R,04:40
0022100470,273,2,Driving Floating Jump Shot,2,10,25,97,1,22.12.2021,ATL,ORL,2021-22,R,03:37
0022100470,281,2,Step Back Jump shot,3,24,165,185,0,22.12.2021,ATL,ORL,2021-22,R,02:51
0022100470,352,3,Driving Layup Shot,2,0,1,8,1,22.12.2021,ATL,ORL,2021-22,R,09:00
0022100470,363,3,Cutting Layup Shot,2,0,-5,5,1,22.12.2021,ATL,ORL,2021-22,R,08:29
0022100470,387,3,Step Back Jump shot,3,24,-216,121,0,22.12.2021,ATL,ORL,2021-22,R,05:43
0022100470,394,3,Driving Floating Jump Shot,2,9,-48,79,0,22.12.2021,ATL,ORL,2021-22,R,05:22
0022100470,435,3,Driving Floating Jump Shot,2,10,11,105,0,22.12.2021,ATL,ORL,2021-22,R,02:34
0022100470,447,3,Driving Floating Jump Shot,2,6,-4,61,1,22.12.2021,ATL,ORL,2021-22,R,01:43
0022100470,452,3,Driving Hook Shot,2,4,4,42,1,22.12.2021,ATL,ORL,2021-22,R,01:08
0022100470,455,3,Jump Shot,3,29,145,262,0,22.12.2021,ATL,ORL,2021-22,R,00:32
0022100470,540,4,Cutting Layup Shot,2,1,-1,13,1,22.12.2021,ATL,ORL,2021-22,R,06:29
0022100470,547,4,Driving Layup Shot,2,3,18,34,0,22.12.2021,ATL,ORL,2021-22,R,05:56
0022100470,570,4,Driving Floating Jump Shot,2,4,37,17,1,22.12.2021,ATL,ORL,2021-22,R,04:49
0022100470,594,4,Driving Layup Shot,2,1,0,19,0,22.12.2021,ATL,ORL,2021-22,R,03:16
0022100470,612,4,Driving Layup Shot,2,1,-9,11,0,22.12.2021,ATL,ORL,2021-22,R,02:22
0022100470,617,4,Driving Layup Shot,2,3,18,31,0,22.12.2021,ATL,ORL,2021-22,R,01:51
0022100470,634,4,Driving Floating Jump Shot,2,4,25,34,0,22.12.2021,ATL,ORL,2021-22,R,00:46
0022100477,19,1,Driving Hook Shot,2,5,-7,54,0,23.12.2021,ORL,NOP,2021-22,R,10:25
0022100477,278,2,Pullup Jump shot,3,26,158,212,0,23.12.2021,ORL,NOP,2021-22,R,03:33
0022100477,294,2,Driving Bank Hook Shot,2,3,28,20,1,23.12.2021,ORL,NOP,2021-22,R,02:17
0022100477,297,2,Driving Hook Shot,2,1,9,7,0,23.12.2021,ORL,NOP,2021-22,R,01:56
0022100477,351,3,Putback Layup Shot,2,0,0,0,0,23.12.2021,ORL,NOP,2021-22,R,09:33
0022100477,349,3,Driving Floating Jump Shot,2,9,76,59,0,23.12.2021,ORL,NOP,2021-22,R,09:33
0022100477,394,3,Pullup Jump shot,3,24,11,240,1,23.12.2021,ORL,NOP,2021-22,R,06:32
0022100477,409,3,Running Layup Shot,2,1,-12,13,1,23.12.2021,ORL,NOP,2021-22,R,04:54
0022100477,416,3,Running Dunk Shot,2,1,7,14,1,23.12.2021,ORL,NOP,2021-22,R,04:25
0022100477,430,3,Driving Bank Hook Shot,2,2,15,19,1,23.12.2021,ORL,NOP,2021-22,R,03:51
0022100477,465,3,Hook Shot,2,8,75,31,1,23.12.2021,ORL,NOP,2021-22,R,01:07
0022100477,480,3,Running Layup Shot,2,0,0,4,1,23.12.2021,ORL,NOP,2021-22,R,00:03
0022100477,601,4,Pullup Jump shot,3,26,38,260,0,23.12.2021,ORL,NOP,2021-22,R,03:43
0022100477,606,4,Driving Reverse Layup Shot,2,2,23,-17,0,23.12.2021,ORL,NOP,2021-22,R,03:08
0022100477,620,4,Turnaround Jump Shot,2,13,72,111,0,23.12.2021,ORL,NOP,2021-22,R,00:58
0022100477,650,4,Pullup Jump shot,3,26,58,256,0,23.12.2021,ORL,NOP,2021-22,R,00:00
0022100493,7,1,Driving Layup Shot,2,3,-29,15,0,26.12.2021,MIA,ORL,2021-22,R,11:41
0022100493,11,1,Driving Bank Hook Shot,2,1,17,3,1,26.12.2021,MIA,ORL,2021-22,R,11:28
0022100493,110,1,Jump Shot,2,17,-92,146,0,26.12.2021,MIA,ORL,2021-22,R,02:36
0022100493,121,1,Cutting Layup Shot,2,2,26,14,0,26.12.2021,MIA,ORL,2021-22,R,02:14
0022100493,301,3,Driving Layup Shot,2,3,26,22,0,26.12.2021,MIA,ORL,2021-22,R,11:28
0022100493,346,3,Driving Layup Shot,2,1,16,-5,1,26.12.2021,MIA,ORL,2021-22,R,07:18
0022100493,391,3,Layup Shot,2,1,10,-3,0,26.12.2021,MIA,ORL,2021-22,R,03:30
0022100493,431,3,Driving Finger Roll Layup Shot,2,1,-5,10,0,26.12.2021,MIA,ORL,2021-22,R,00:39
0022100493,443,3,Cutting Layup Shot,2,1,-9,10,1,26.12.2021,MIA,ORL,2021-22,R,00:09
0022100493,559,4,Driving Floating Bank Jump Shot,2,9,-93,13,0,26.12.2021,MIA,ORL,2021-22,R,03:03
0022100493,566,4,Jump Shot,3,23,-232,43,1,26.12.2021,MIA,ORL,2021-22,R,02:30
0022100508,25,1,Cutting Layup Shot,2,3,-29,18,0,28.12.2021,ORL,MIL,2021-22,R,09:12
0022100508,57,1,Driving Finger Roll Layup Shot,2,4,15,47,1,28.12.2021,ORL,MIL,2021-22,R,06:12
0022100508,90,1,Pullup Jump shot,3,26,156,214,1,28.12.2021,ORL,MIL,2021-22,R,04:02
0022100508,219,2,Driving Floating Jump Shot,2,9,-59,80,1,28.12.2021,ORL,MIL,2021-22,R,07:43
0022100508,283,2,Running Jump Shot,3,25,219,136,0,28.12.2021,ORL,MIL,2021-22,R,03:52
0022100508,293,2,Driving Layup Shot,2,5,-28,46,0,28.12.2021,ORL,MIL,2021-22,R,02:50
0022100508,358,3,Driving Layup Shot,2,1,-13,3,0,28.12.2021,ORL,MIL,2021-22,R,10:09
0022100508,365,3,Jump Shot,3,22,-224,-26,1,28.12.2021,ORL,MIL,2021-22,R,09:38
0022100508,369,3,Running Layup Shot,2,0,-6,5,1,28.12.2021,ORL,MIL,2021-22,R,09:16
0022100508,418,3,Driving Layup Shot,2,2,-20,3,1,28.12.2021,ORL,MIL,2021-22,R,05:14
0022100508,434,3,Jump Shot,3,24,-224,96,0,28.12.2021,ORL,MIL,2021-22,R,04:27
0022100508,462,3,Step Back Jump shot,3,22,-227,-26,1,28.12.2021,ORL,MIL,2021-22,R,02:33
0022100508,566,4,Layup Shot,2,1,-12,9,1,28.12.2021,ORL,MIL,2021-22,R,08:17
0022100508,569,4,Running Jump Shot,3,22,-227,-28,1,28.12.2021,ORL,MIL,2021-22,R,08:03
0022100508,588,4,Driving Layup Shot,2,6,44,51,1,28.12.2021,ORL,MIL,2021-22,R,07:18
0022100508,600,4,Pullup Jump shot,3,25,15,256,0,28.12.2021,ORL,MIL,2021-22,R,06:25
0022100508,610,4,Driving Layup Shot,2,5,-20,46,0,28.12.2021,ORL,MIL,2021-22,R,05:04
0022100508,636,4,Driving Layup Shot,2,7,69,32,1,28.12.2021,ORL,MIL,2021-22,R,03:16
0022100508,650,4,Driving Layup Shot,2,6,26,55,1,28.12.2021,ORL,MIL,2021-22,R,01:51
0022100508,668,4,Pullup Jump shot,3,25,-197,161,0,28.12.2021,ORL,MIL,2021-22,R,00:08
0022100526,67,1,Driving Hook Shot,2,6,64,28,0,30.12.2021,ORL,MIL,2021-22,R,11:43
0022100526,72,1,Driving Layup Shot,2,4,-34,22,1,30.12.2021,ORL,MIL,2021-22,R,06:41
0022100526,90,1,Floating Jump shot,2,6,-4,65,1,30.12.2021,ORL,MIL,2021-22,R,04:55
0022100526,145,1,Hook Shot,2,5,25,47,0,30.12.2021,ORL,MIL,2021-22,R,00:31
0022100526,248,2,Driving Floating Jump Shot,2,8,11,84,1,30.12.2021,ORL,MIL,2021-22,R,05:12
0022100526,285,2,Pullup Jump shot,3,26,141,223,0,30.12.2021,ORL,MIL,2021-22,R,03:21
0022100526,303,2,Driving Floating Bank Jump Shot,2,11,107,26,1,30.12.2021,ORL,MIL,2021-22,R,01:27
0022100526,316,2,Driving Layup Shot,2,7,-12,74,0,30.12.2021,ORL,MIL,2021-22,R,00:13
0022100526,404,3,Step Back Jump shot,3,23,235,21,1,30.12.2021,ORL,MIL,2021-22,R,06:23
0022100526,428,3,Pullup Jump shot,3,29,181,239,1,30.12.2021,ORL,MIL,2021-22,R,05:14
0022100526,469,3,Driving Floating Jump Shot,2,6,42,51,0,30.12.2021,ORL,MIL,2021-22,R,02:57
0022100526,638,4,Driving Floating Jump Shot,2,5,39,45,0,30.12.2021,ORL,MIL,2021-22,R,03:33
0022100546,26,1,Driving Finger Roll Layup Shot,2,10,-62,81,1,02.01.2022,BOS,ORL,2021-22,R,09:27
0022100546,43,1,Cutting Dunk Shot,2,3,-5,31,1,02.01.2022,BOS,ORL,2021-22,R,08:17
0022100546,58,1,Driving Reverse Layup Shot,2,4,44,2,0,02.01.2022,BOS,ORL,2021-22,R,07:10
0022100546,69,1,Turnaround Fadeaway Bank Jump Shot,2,10,-91,58,0,02.01.2022,BOS,ORL,2021-22,R,06:31
0022100546,73,1,Driving Floating Jump Shot,2,6,-26,62,0,02.01.2022,BOS,ORL,2021-22,R,06:20
0022100546,172,2,Driving Layup Shot,2,5,27,47,0,02.01.2022,BOS,ORL,2021-22,R,10:37
0022100546,202,2,Driving Finger Roll Layup Shot,2,4,-36,32,1,02.01.2022,BOS,ORL,2021-22,R,07:58
0022100546,359,3,Driving Layup Shot,2,5,55,9,0,02.01.2022,BOS,ORL,2021-22,R,08:24
0022100546,543,4,Running Layup Shot,2,3,28,19,0,02.01.2022,BOS,ORL,2021-22,R,08:08
0022100546,588,4,Driving Layup Shot,2,0,-6,4,1,02.01.2022,BOS,ORL,2021-22,R,04:20
0022100546,604,4,Driving Finger Roll Layup Shot,2,3,-34,4,1,02.01.2022,BOS,ORL,2021-22,R,02:58
0022100546,660,5,Driving Layup Shot,2,7,-75,26,0,02.01.2022,BOS,ORL,2021-22,R,04:42
0022100546,686,5,Driving Finger Roll Layup Shot,2,2,-22,14,0,02.01.2022,BOS,ORL,2021-22,R,01:41
0022100546,706,5,Jump Shot,3,26,194,179,0,02.01.2022,BOS,ORL,2021-22,R,00:43
0022100555,13,1,Driving Layup Shot,2,1,15,13,1,03.01.2022,CHI,ORL,2021-22,R,10:51
0022100555,44,1,Driving Layup Shot,2,2,18,9,0,03.01.2022,CHI,ORL,2021-22,R,08:05
0022100555,46,1,Tip Layup Shot,2,0,0,0,0,03.01.2022,CHI,ORL,2021-22,R,08:01
0022100555,59,1,Driving Hook Shot,2,6,13,64,1,03.01.2022,CHI,ORL,2021-22,R,06:54
0022100555,64,1,Jump Shot,2,17,-170,45,1,03.01.2022,CHI,ORL,2021-22,R,06:32
0022100555,215,2,Jump Shot,3,26,-9,263,0,03.01.2022,CHI,ORL,2021-22,R,05:51
0022100555,238,2,Driving Layup Shot,2,3,-21,26,0,03.01.2022,CHI,ORL,2021-22,R,04:21
0022100555,320,3,Driving Layup Shot,2,2,-17,13,1,03.01.2022,CHI,ORL,2021-22,R,10:50
0022100555,335,3,Driving Finger Roll Layup Shot,2,1,0,15,1,03.01.2022,CHI,ORL,2021-22,R,08:54
0022100555,512,4,Jump Shot,3,23,-230,-4,1,03.01.2022,CHI,ORL,2021-22,R,07:37
0022100555,521,4,Driving Layup Shot,2,3,-27,15,0,03.01.2022,CHI,ORL,2021-22,R,07:10
0022100555,557,4,Driving Layup Shot,2,3,-2,34,1,03.01.2022,CHI,ORL,2021-22,R,04:00
0022100555,591,4,Reverse Layup Shot,2,0,-7,5,1,03.01.2022,CHI,ORL,2021-22,R,00:47
0022100568,30,1,Running Dunk Shot,2,0,-2,6,1,05.01.2022,ORL,PHI,2021-22,R,10:01
0022100568,34,1,Driving Layup Shot,2,0,4,4,1,05.01.2022,ORL,PHI,2021-22,R,09:25
0022100568,44,1,Pullup Jump shot,2,22,-212,82,0,05.01.2022,ORL,PHI,2021-22,R,08:28
0022100568,74,1,Driving Layup Shot,2,1,1,17,0,05.01.2022,ORL,PHI,2021-22,R,06:28
0022100568,79,1,Driving Finger Roll Layup Shot,2,2,1,22,1,05.01.2022,ORL,PHI,2021-22,R,05:55
0022100568,279,2,Driving Finger Roll Layup Shot,2,0,-4,-6,1,05.01.2022,ORL,PHI,2021-22,R,04:55
0022100568,295,2,Driving Floating Jump Shot,2,5,28,47,0,05.01.2022,ORL,PHI,2021-22,R,03:57
0022100568,372,3,Step Back Jump shot,3,27,201,188,0,05.01.2022,ORL,PHI,2021-22,R,11:45
0022100568,402,3,Driving Floating Jump Shot,2,9,-44,83,1,05.01.2022,ORL,PHI,2021-22,R,09:07
0022100568,633,4,Running Jump Shot,3,25,-246,50,0,05.01.2022,ORL,PHI,2021-22,R,05:16
0022100568,646,4,Pullup Jump shot,3,25,164,190,1,05.01.2022,ORL,PHI,2021-22,R,04:05
0022100593,9,1,Step Back Jump shot,3,25,54,254,0,08.01.2022,DET,ORL,2021-22,R,11:19
0022100593,50,1,Layup Shot,2,2,-21,-1,0,08.01.2022,DET,ORL,2021-22,R,07:32
0022100593,226,2,Jump Shot,2,2,21,0,1,08.01.2022,DET,ORL,2021-22,R,06:45
0022100593,251,2,Driving Layup Shot,2,3,36,7,0,08.01.2022,DET,ORL,2021-22,R,04:59
0022100593,280,2,Driving Hook Shot,2,5,59,6,0,08.01.2022,DET,ORL,2021-22,R,03:40
0022100593,294,2,Driving Layup Shot,2,2,26,4,0,08.01.2022,DET,ORL,2021-22,R,02:46
0022100593,299,2,Jump Shot,3,26,119,242,1,08.01.2022,DET,ORL,2021-22,R,02:32
0022100593,309,2,Step Back Jump shot,3,26,146,223,0,08.01.2022,DET,ORL,2021-22,R,01:43
0022100593,331,2,Layup Shot,2,1,16,4,1,08.01.2022,DET,ORL,2021-22,R,00:26
0022100593,352,3,Driving Layup Shot,2,1,17,1,1,08.01.2022,DET,ORL,2021-22,R,11:10
0022100598,7,1,Driving Floating Jump Shot,2,2,-23,6,0,09.01.2022,ORL,WAS,2021-22,R,11:39
0022100598,13,1,Turnaround Jump Shot,2,7,74,26,0,09.01.2022,ORL,WAS,2021-22,R,10:54
0022100598,218,2,Driving Floating Jump Shot,2,1,-13,-4,0,09.01.2022,ORL,WAS,2021-22,R,08:16
0022100598,367,3,Driving Layup Shot,2,5,49,29,1,09.01.2022,ORL,WAS,2021-22,R,09:57
0022100598,370,3,Running Pull-Up Jump Shot,3,26,51,258,0,09.01.2022,ORL,WAS,2021-22,R,09:38
0022100598,391,3,Driving Layup Shot,2,6,51,41,0,09.01.2022,ORL,WAS,2021-22,R,07:27
0022100598,398,3,Driving Reverse Layup Shot,2,5,11,55,0,09.01.2022,ORL,WAS,2021-22,R,06:52
0022100598,533,4,Cutting Layup Shot,2,2,9,28,1,09.01.2022,ORL,WAS,2021-22,R,10:28
0022100598,560,4,Putback Layup Shot,2,3,-15,31,1,09.01.2022,ORL,WAS,2021-22,R,08:17
0022100598,563,4,Cutting Dunk Shot,2,2,-17,23,1,09.01.2022,ORL,WAS,2021-22,R,07:51
0022100598,602,4,Driving Finger Roll Layup Shot,2,4,-11,46,1,09.01.2022,ORL,WAS,2021-22,R,05:27
0022100598,648,4,Jump Shot,3,26,141,230,0,09.01.2022,ORL,WAS,2021-22,R,00:55
0022100598,678,4,Driving Dunk Shot,2,1,-5,13,1,09.01.2022,ORL,WAS,2021-22,R,00:07
0022100620,7,1,Driving Layup Shot,2,2,21,10,0,12.01.2022,WAS,ORL,2021-22,R,11:45
0022100620,12,1,Hook Shot,2,1,11,0,0,12.01.2022,WAS,ORL,2021-22,R,11:37
0022100620,66,1,Layup Shot,2,5,-27,47,0,12.01.2022,WAS,ORL,2021-22,R,06:17
0022100620,141,1,Layup Shot,2,7,61,42,0,12.01.2022,WAS,ORL,2021-22,R,00:35
0022100620,181,2,Cutting Layup Shot,2,4,-16,41,1,12.01.2022,WAS,ORL,2021-22,R,09:15
0022100620,228,2,Layup Shot,2,4,42,22,0,12.01.2022,WAS,ORL,2021-22,R,05:57
0022100620,246,2,Driving Finger Roll Layup Shot,2,2,-9,18,1,12.01.2022,WAS,ORL,2021-22,R,04:27
0022100620,254,2,Jump Shot,3,25,-199,160,0,12.01.2022,WAS,ORL,2021-22,R,03:52
0022100620,273,2,Driving Layup Shot,2,3,-28,17,0,12.01.2022,WAS,ORL,2021-22,R,02:35
0022100620,365,3,Layup Shot,2,3,27,26,1,12.01.2022,WAS,ORL,2021-22,R,08:56
0022100620,367,3,Floating Jump shot,2,13,65,114,0,12.01.2022,WAS,ORL,2021-22,R,08:23
0022100620,498,4,Layup Shot,2,1,2,17,0,12.01.2022,WAS,ORL,2021-22,R,10:34
0022100620,607,4,Driving Dunk Shot,2,1,-4,15,1,12.01.2022,WAS,ORL,2021-22,R,02:26
0022100620,619,4,Layup Shot,2,2,-10,26,1,12.01.2022,WAS,ORL,2021-22,R,00:54
0022100620,626,4,Jump Shot,3,23,225,48,0,12.01.2022,WAS,ORL,2021-22,R,00:24
0022100620,646,4,Layup Shot,2,2,4,29,1,12.01.2022,WAS,ORL,2021-22,R,00:00
0022100632,19,1,Cutting Dunk Shot,2,1,12,11,1,14.01.2022,CHA,ORL,2021-22,R,10:06
0022100632,136,1,Jump Shot,3,22,-229,16,1,14.01.2022,CHA,ORL,2021-22,R,01:17
0022100632,140,1,Running Reverse Layup Shot,2,2,-1,23,1,14.01.2022,CHA,ORL,2021-22,R,01:00
0022100632,226,2,Driving Hook Shot,2,4,15,41,1,14.01.2022,CHA,ORL,2021-22,R,06:39
0022100632,229,2,Jump Shot,3,23,238,-16,0,14.01.2022,CHA,ORL,2021-22,R,06:19
0022100632,332,3,Driving Finger Roll Layup Shot,2,4,-11,40,1,14.01.2022,CHA,ORL,2021-22,R,10:59
0022100632,335,3,Driving Layup Shot,2,2,-7,29,0,14.01.2022,CHA,ORL,2021-22,R,10:32
0022100632,548,4,Dunk Shot,2,2,11,25,1,14.01.2022,CHA,ORL,2021-22,R,08:53
0022100632,593,4,Jump Shot,3,25,-16,258,0,14.01.2022,CHA,ORL,2021-22,R,05:21
0022100632,605,4,Driving Finger Roll Layup Shot,2,1,-1,17,1,14.01.2022,CHA,ORL,2021-22,R,04:29
0022100632,613,4,Driving Layup Shot,2,2,2,20,1,14.01.2022,CHA,ORL,2021-22,R,03:55
0022100650,179,2,Turnaround Hook Shot,2,7,-15,73,0,15.01.2022,DAL,ORL,2021-22,R,08:42
0022100650,184,2,Driving Floating Jump Shot,2,8,-54,71,1,15.01.2022,DAL,ORL,2021-22,R,08:02
0022100650,247,2,Driving Layup Shot,2,5,-40,34,0,15.01.2022,DAL,ORL,2021-22,R,02:28
0022100650,308,3,Jump Shot,3,24,-210,129,0,15.01.2022,DAL,ORL,2021-22,R,09:25
0022100650,340,3,Driving Layup Shot,2,6,-40,52,0,15.01.2022,DAL,ORL,2021-22,R,06:57
0022100650,540,4,Driving Floating Jump Shot,2,8,37,72,1,15.01.2022,DAL,ORL,2021-22,R,06:46
0022100661,10,1,Driving Floating Jump Shot,2,6,34,53,0,17.01.2022,ORL,POR,2021-22,R,11:07
0022100661,20,1,Running Pull-Up Jump Shot,3,24,-151,192,0,17.01.2022,ORL,POR,2021-22,R,10:12
0022100661,54,1,Jump Shot,3,25,98,234,0,17.01.2022,ORL,POR,2021-22,R,07:05
0022100661,58,1,Cutting Dunk Shot,2,1,-18,8,1,17.01.2022,ORL,POR,2021-22,R,06:40
0022100661,64,1,Layup Shot,2,3,29,24,0,17.01.2022,ORL,POR,2021-22,R,06:06
0022100661,68,1,Jump Shot,3,22,-222,0,0,17.01.2022,ORL,POR,2021-22,R,05:51
0022100661,256,2,Driving Floating Jump Shot,2,11,-23,111,0,17.01.2022,ORL,POR,2021-22,R,05:23
0022100661,275,2,Driving Floating Bank Jump Shot,2,6,43,46,1,17.01.2022,ORL,POR,2021-22,R,04:23
0022100661,362,3,Running Finger Roll Layup Shot,2,3,25,22,1,17.01.2022,ORL,POR,2021-22,R,10:44
0022100661,372,3,Jump Shot,3,24,229,76,0,17.01.2022,ORL,POR,2021-22,R,09:21
0022100661,376,3,Driving Layup Shot,2,3,18,25,1,17.01.2022,ORL,POR,2021-22,R,09:04
0022100661,397,3,Driving Reverse Layup Shot,2,2,-10,28,1,17.01.2022,ORL,POR,2021-22,R,07:39
0022100661,401,3,Jump Shot,3,26,-75,249,0,17.01.2022,ORL,POR,2021-22,R,07:10
0022100661,525,4,Driving Layup Shot,2,3,10,34,0,17.01.2022,ORL,POR,2021-22,R,11:44
0022100661,569,4,Layup Shot,2,5,-7,55,0,17.01.2022,ORL,POR,2021-22,R,08:56
0022100661,584,4,Driving Layup Shot,2,3,27,28,0,17.01.2022,ORL,POR,2021-22,R,08:12
0022100661,597,4,Running Finger Roll Layup Shot,2,2,17,21,1,17.01.2022,ORL,POR,2021-22,R,06:53
0022100661,627,4,Driving Layup Shot,2,2,23,15,1,17.01.2022,ORL,POR,2021-22,R,04:12
0022100668,79,1,Pullup Jump shot,3,24,222,113,0,19.01.2022,PHI,ORL,2021-22,R,05:07
0022100668,102,1,Step Back Jump shot,3,25,-170,192,1,19.01.2022,PHI,ORL,2021-22,R,03:16
0022100668,247,2,Pullup Jump shot,3,26,-170,198,0,19.01.2022,PHI,ORL,2021-22,R,03:45
0022100668,256,2,Layup Shot,2,1,16,-7,0,19.01.2022,PHI,ORL,2021-22,R,03:01
0022100668,259,2,Reverse Layup Shot,2,0,4,6,0,19.01.2022,PHI,ORL,2021-22,R,02:59
0022100668,278,2,Running Dunk Shot,2,3,6,35,1,19.01.2022,PHI,ORL,2021-22,R,01:28
0022100668,312,3,Step Back Jump shot,3,25,-230,112,0,19.01.2022,PHI,ORL,2021-22,R,10:16
0022100668,379,3,Driving Finger Roll Layup Shot,2,1,15,7,1,19.01.2022,PHI,ORL,2021-22,R,03:58
0022100668,386,3,Jump Shot,3,27,-126,241,0,19.01.2022,PHI,ORL,2021-22,R,03:32
0022100668,465,4,Driving Layup Shot,2,1,15,-4,0,19.01.2022,PHI,ORL,2021-22,R,10:52
0022100668,497,4,Jump Shot,3,26,123,232,0,19.01.2022,PHI,ORL,2021-22,R,08:24
